label,src_name,out_path,status,detail
fake,LA/ASVspoof2019_LA_dev/flac/LA_D_1911374.flac,C:\Users\91807\sih\ai_voice_detector\data\fake\LA_D_1911374.wav,ok,
fake,LA/ASVspoof2019_LA_dev/flac/LA_D_8699272.flac,C:\Users\91807\sih\ai_voice_detector\data\fake\LA_D_8699272.wav,ok,
real,LA/ASVspoof2019_LA_dev/flac/LA_D_8909861.flac,C:\Users\91807\sih\ai_voice_detector\data\real\LA_D_8909861.wav,ok,
real,LA/ASVspoof2019_LA_dev/flac/LA_D_6679303.flac,C:\Users\91807\sih\ai_voice_detector\data\real\LA_D_6679303.wav,ok,
fake,LA/ASVspoof2019_LA_dev/flac/LA_D_5510967.flac,C:\Users\91807\sih\ai_voice_detector\data\fake\LA_D_5510967.wav,ok,
real,LA/ASVspoof2019_LA_dev/flac/LA_D_6304222.flac,C:\Users\91807\sih\ai_voice_detector\data\real\LA_D_6304222.wav,ok,
real,LA/ASVspoof2019_LA_dev/flac/LA_D_3050627.flac,C:\Users\91807\sih\ai_voice_detector\data\real\LA_D_3050627.wav,ok,
real,LA/ASVspoof2019_LA_dev/flac/LA_D_5891453.flac,C:\Users\91807\sih\ai_voice_detector\data\real\LA_D_5891453.wav,ok,
fake,LA/ASVspoof2019_LA_dev/flac/LA_D_5194315.flac,C:\Users\91807\sih\ai_voice_detector\data\fake\LA_D_5194315.wav,ok,
real,LA/ASVspoof2019_LA_dev/flac/LA_D_8806017.flac,C:\Users\91807\sih\ai_voice_detector\data\real\LA_D_8806017.wav,ok,
fake,LA/ASVspoof2019_LA_dev/flac/LA_D_4482890.flac,C:\Users\91807\sih\ai_voice_detector\data\fake\LA_D_4482890.wav,ok,
fake,LA/ASVspoof2019_LA_dev/flac/LA_D_4734716.flac,C:\Users\91807\sih\ai_voice_detector\data\fake\LA_D_4734716.wav,ok,
fake,LA/ASVspoof2019_LA_dev/flac/LA_D_1265133.flac,C:\Users\91807\sih\ai_voice_detector\data\fake\LA_D_1265133.wav,ok,
real,LA/ASVspoof2019_LA_dev/flac/LA_D_8274900.flac,C:\Users\91807\sih\ai_voice_detector\data\real\LA_D_8274900.wav,ok,
fake,LA/ASVspoof2019_LA_dev/flac/LA_D_8881354.flac,C:\Users\91807\sih\ai_voice_detector\data\fake\LA_D_8881354.wav,ok,
real,LA/ASVspoof2019_LA_dev/flac/LA_D_2417193.flac,C:\Users\91807\sih\ai_voice_detector\data\real\LA_D_2417193.wav,ok,
real,LA/ASVspoof2019_LA_dev/flac/LA_D_6291895.flac,C:\Users\91807\sih\ai_voice_detector\data\real\LA_D_6291895.wav,ok,
fake,LA/ASVspoof2019_LA_dev/flac/LA_D_1172519.flac,C:\Users\91807\sih\ai_voice_detector\data\fake\LA_D_1172519.wav,ok,
real,LA/ASVspoof2019_LA_dev/flac/LA_D_1069525.flac,C:\Users\91807\sih\ai_voice_detector\data\real\LA_D_1069525.wav,ok,
fake,LA/ASVspoof2019_LA_dev/flac/LA_D_6185691.flac,C:\Users\91807\sih\ai_voice_detector\data\fake\LA_D_6185691.wav,ok,
real,LA/ASVspoof2019_LA_dev/flac/LA_D_9451365.flac,C:\Users\91807\sih\ai_voice_detector\data\real\LA_D_9451365.wav,ok,
real,LA/ASVspoof2019_LA_dev/flac/LA_D_8665901.flac,C:\Users\91807\sih\ai_voice_detector\data\real\LA_D_8665901.wav,ok,
real,LA/ASVspoof2019_LA_dev/flac/LA_D_4033093.flac,C:\Users\91807\sih\ai_voice_detector\data\real\LA_D_4033093.wav,ok,
fake,LA/ASVspoof2019_LA_dev/flac/LA_D_2357913.flac,C:\Users\91807\sih\ai_voice_detector\data\fake\LA_D_2357913.wav,ok,
fake,LA/ASVspoof2019_LA_dev/flac/LA_D_2856557.flac,C:\Users\91807\sih\ai_voice_detector\data\fake\LA_D_2856557.wav,ok,
fake,LA/ASVspoof2019_LA_dev/flac/LA_D_8103595.flac,C:\Users\91807\sih\ai_voice_detector\data\fake\LA_D_8103595.wav,ok,
fake,LA/ASVspoof2019_LA_dev/flac/LA_D_7265699.flac,C:\Users\91807\sih\ai_voice_detector\data\fake\LA_D_7265699.wav,ok,
real,LA/ASVspoof2019_LA_dev/flac/LA_D_3163255.flac,C:\Users\91807\sih\ai_voice_detector\data\real\LA_D_3163255.wav,ok,
real,LA/ASVspoof2019_LA_dev/flac/LA_D_1943029.flac,C:\Users\91807\sih\ai_voice_detector\data\real\LA_D_1943029.wav,ok,
real,LA/ASVspoof2019_LA_dev/flac/LA_D_1884465.flac,C:\Users\91807\sih\ai_voice_detector\data\real\LA_D_1884465.wav,ok,
real,LA/ASVspoof2019_LA_dev/flac/LA_D_9791780.flac,C:\Users\91807\sih\ai_voice_detector\data\real\LA_D_9791780.wav,ok,
fake,LA/ASVspoof2019_LA_dev/flac/LA_D_7529130.flac,C:\Users\91807\sih\ai_voice_detector\data\fake\LA_D_7529130.wav,ok,
real,LA/ASVspoof2019_LA_dev/flac/LA_D_4766808.flac,C:\Users\91807\sih\ai_voice_detector\data\real\LA_D_4766808.wav,ok,
real,LA/ASVspoof2019_LA_dev/flac/LA_D_9287387.flac,C:\Users\91807\sih\ai_voice_detector\data\real\LA_D_9287387.wav,ok,
real,LA/ASVspoof2019_LA_dev/flac/LA_D_5868407.flac,C:\Users\91807\sih\ai_voice_detector\data\real\LA_D_5868407.wav,ok,
real,LA/ASVspoof2019_LA_dev/flac/LA_D_8222020.flac,C:\Users\91807\sih\ai_voice_detector\data\real\LA_D_8222020.wav,ok,
real,LA/ASVspoof2019_LA_dev/flac/LA_D_7428513.flac,C:\Users\91807\sih\ai_voice_detector\data\real\LA_D_7428513.wav,ok,
real,LA/ASVspoof2019_LA_dev/flac/LA_D_9417900.flac,C:\Users\91807\sih\ai_voice_detector\data\real\LA_D_9417900.wav,ok,
real,LA/ASVspoof2019_LA_dev/flac/LA_D_7989694.flac,C:\Users\91807\sih\ai_voice_detector\data\real\LA_D_7989694.wav,ok,
fake,LA/ASVspoof2019_LA_dev/flac/LA_D_4505937.flac,C:\Users\91807\sih\ai_voice_detector\data\fake\LA_D_4505937.wav,ok,
fake,LA/ASVspoof2019_LA_dev/flac/LA_D_8867529.flac,C:\Users\91807\sih\ai_voice_detector\data\fake\LA_D_8867529.wav,ok,
fake,LA/ASVspoof2019_LA_dev/flac/LA_D_2950518.flac,C:\Users\91807\sih\ai_voice_detector\data\fake\LA_D_2950518.wav,ok,
real,LA/ASVspoof2019_LA_dev/flac/LA_D_9983276.flac,C:\Users\91807\sih\ai_voice_detector\data\real\LA_D_9983276.wav,ok,
fake,LA/ASVspoof2019_LA_dev/flac/LA_D_6856066.flac,C:\Users\91807\sih\ai_voice_detector\data\fake\LA_D_6856066.wav,ok,
fake,LA/ASVspoof2019_LA_dev/flac/LA_D_9411191.flac,C:\Users\91807\sih\ai_voice_detector\data\fake\LA_D_9411191.wav,ok,
fake,LA/ASVspoof2019_LA_dev/flac/LA_D_3258000.flac,C:\Users\91807\sih\ai_voice_detector\data\fake\LA_D_3258000.wav,ok,
fake,LA/ASVspoof2019_LA_dev/flac/LA_D_6108867.flac,C:\Users\91807\sih\ai_voice_detector\data\fake\LA_D_6108867.wav,ok,
real,LA/ASVspoof2019_LA_dev/flac/LA_D_1469404.flac,C:\Users\91807\sih\ai_voice_detector\data\real\LA_D_1469404.wav,ok,
fake,LA/ASVspoof2019_LA_dev/flac/LA_D_1058790.flac,C:\Users\91807\sih\ai_voice_detector\data\fake\LA_D_1058790.wav,ok,
fake,LA/ASVspoof2019_LA_dev/flac/LA_D_1091158.flac,C:\Users\91807\sih\ai_voice_detector\data\fake\LA_D_1091158.wav,ok,
real,LA/ASVspoof2019_LA_dev/flac/LA_D_2178723.flac,C:\Users\91807\sih\ai_voice_detector\data\real\LA_D_2178723.wav,ok,
fake,LA/ASVspoof2019_LA_dev/flac/LA_D_4039179.flac,C:\Users\91807\sih\ai_voice_detector\data\fake\LA_D_4039179.wav,ok,
fake,LA/ASVspoof2019_LA_dev/flac/LA_D_3085915.flac,C:\Users\91807\sih\ai_voice_detector\data\fake\LA_D_3085915.wav,ok,
real,LA/ASVspoof2019_LA_dev/flac/LA_D_1410704.flac,C:\Users\91807\sih\ai_voice_detector\data\real\LA_D_1410704.wav,ok,
fake,LA/ASVspoof2019_LA_dev/flac/LA_D_5849476.flac,C:\Users\91807\sih\ai_voice_detector\data\fake\LA_D_5849476.wav,ok,
real,LA/ASVspoof2019_LA_dev/flac/LA_D_6598628.flac,C:\Users\91807\sih\ai_voice_detector\data\real\LA_D_6598628.wav,ok,
fake,LA/ASVspoof2019_LA_dev/flac/LA_D_6765632.flac,C:\Users\91807\sih\ai_voice_detector\data\fake\LA_D_6765632.wav,ok,
fake,LA/ASVspoof2019_LA_dev/flac/LA_D_7153518.flac,C:\Users\91807\sih\ai_voice_detector\data\fake\LA_D_7153518.wav,ok,
fake,LA/ASVspoof2019_LA_dev/flac/LA_D_4929765.flac,C:\Users\91807\sih\ai_voice_detector\data\fake\LA_D_4929765.wav,ok,
fake,LA/ASVspoof2019_LA_dev/flac/LA_D_9218810.flac,C:\Users\91807\sih\ai_voice_detector\data\fake\LA_D_9218810.wav,ok,
fake,LA/ASVspoof2019_LA_dev/flac/LA_D_7949260.flac,C:\Users\91807\sih\ai_voice_detector\data\fake\LA_D_7949260.wav,ok,
fake,LA/ASVspoof2019_LA_dev/flac/LA_D_1563071.flac,C:\Users\91807\sih\ai_voice_detector\data\fake\LA_D_1563071.wav,ok,
fake,LA/ASVspoof2019_LA_dev/flac/LA_D_4929114.flac,C:\Users\91807\sih\ai_voice_detector\data\fake\LA_D_4929114.wav,ok,
fake,LA/ASVspoof2019_LA_dev/flac/LA_D_9751873.flac,C:\Users\91807\sih\ai_voice_detector\data\fake\LA_D_9751873.wav,ok,
real,LA/ASVspoof2019_LA_dev/flac/LA_D_2334588.flac,C:\Users\91807\sih\ai_voice_detector\data\real\LA_D_2334588.wav,ok,
fake,LA/ASVspoof2019_LA_dev/flac/LA_D_5498403.flac,C:\Users\91807\sih\ai_voice_detector\data\fake\LA_D_5498403.wav,ok,
real,LA/ASVspoof2019_LA_dev/flac/LA_D_3933506.flac,C:\Users\91807\sih\ai_voice_detector\data\real\LA_D_3933506.wav,ok,
real,LA/ASVspoof2019_LA_dev/flac/LA_D_6568071.flac,C:\Users\91807\sih\ai_voice_detector\data\real\LA_D_6568071.wav,ok,
real,LA/ASVspoof2019_LA_dev/flac/LA_D_3174998.flac,C:\Users\91807\sih\ai_voice_detector\data\real\LA_D_3174998.wav,ok,
fake,LA/ASVspoof2019_LA_dev/flac/LA_D_8108552.flac,C:\Users\91807\sih\ai_voice_detector\data\fake\LA_D_8108552.wav,ok,
real,LA/ASVspoof2019_LA_dev/flac/LA_D_2944634.flac,C:\Users\91807\sih\ai_voice_detector\data\real\LA_D_2944634.wav,ok,
real,LA/ASVspoof2019_LA_dev/flac/LA_D_6700006.flac,C:\Users\91807\sih\ai_voice_detector\data\real\LA_D_6700006.wav,ok,
fake,LA/ASVspoof2019_LA_dev/flac/LA_D_2273809.flac,C:\Users\91807\sih\ai_voice_detector\data\fake\LA_D_2273809.wav,ok,
fake,LA/ASVspoof2019_LA_dev/flac/LA_D_6693898.flac,C:\Users\91807\sih\ai_voice_detector\data\fake\LA_D_6693898.wav,ok,
fake,LA/ASVspoof2019_LA_dev/flac/LA_D_4171570.flac,C:\Users\91807\sih\ai_voice_detector\data\fake\LA_D_4171570.wav,ok,
fake,LA/ASVspoof2019_LA_dev/flac/LA_D_3373111.flac,C:\Users\91807\sih\ai_voice_detector\data\fake\LA_D_3373111.wav,ok,
real,LA/ASVspoof2019_LA_dev/flac/LA_D_6458272.flac,C:\Users\91807\sih\ai_voice_detector\data\real\LA_D_6458272.wav,ok,
real,LA/ASVspoof2019_LA_dev/flac/LA_D_9758147.flac,C:\Users\91807\sih\ai_voice_detector\data\real\LA_D_9758147.wav,ok,
fake,LA/ASVspoof2019_LA_dev/flac/LA_D_9999204.flac,C:\Users\91807\sih\ai_voice_detector\data\fake\LA_D_9999204.wav,ok,
fake,LA/ASVspoof2019_LA_dev/flac/LA_D_4788201.flac,C:\Users\91807\sih\ai_voice_detector\data\fake\LA_D_4788201.wav,ok,
real,LA/ASVspoof2019_LA_dev/flac/LA_D_3315214.flac,C:\Users\91807\sih\ai_voice_detector\data\real\LA_D_3315214.wav,ok,
real,LA/ASVspoof2019_LA_dev/flac/LA_D_8760685.flac,C:\Users\91807\sih\ai_voice_detector\data\real\LA_D_8760685.wav,ok,
real,LA/ASVspoof2019_LA_dev/flac/LA_D_6994349.flac,C:\Users\91807\sih\ai_voice_detector\data\real\LA_D_6994349.wav,ok,
real,LA/ASVspoof2019_LA_dev/flac/LA_D_2302613.flac,C:\Users\91807\sih\ai_voice_detector\data\real\LA_D_2302613.wav,ok,
fake,LA/ASVspoof2019_LA_dev/flac/LA_D_5661698.flac,C:\Users\91807\sih\ai_voice_detector\data\fake\LA_D_5661698.wav,ok,
real,LA/ASVspoof2019_LA_dev/flac/LA_D_4949737.flac,C:\Users\91807\sih\ai_voice_detector\data\real\LA_D_4949737.wav,ok,
real,LA/ASVspoof2019_LA_dev/flac/LA_D_7796753.flac,C:\Users\91807\sih\ai_voice_detector\data\real\LA_D_7796753.wav,ok,
real,LA/ASVspoof2019_LA_dev/flac/LA_D_2690312.flac,C:\Users\91807\sih\ai_voice_detector\data\real\LA_D_2690312.wav,ok,
real,LA/ASVspoof2019_LA_dev/flac/LA_D_4101216.flac,C:\Users\91807\sih\ai_voice_detector\data\real\LA_D_4101216.wav,ok,
fake,LA/ASVspoof2019_LA_dev/flac/LA_D_6116293.flac,C:\Users\91807\sih\ai_voice_detector\data\fake\LA_D_6116293.wav,ok,
real,LA/ASVspoof2019_LA_dev/flac/LA_D_6073354.flac,C:\Users\91807\sih\ai_voice_detector\data\real\LA_D_6073354.wav,ok,
real,LA/ASVspoof2019_LA_dev/flac/LA_D_8559056.flac,C:\Users\91807\sih\ai_voice_detector\data\real\LA_D_8559056.wav,ok,
real,LA/ASVspoof2019_LA_dev/flac/LA_D_9209591.flac,C:\Users\91807\sih\ai_voice_detector\data\real\LA_D_9209591.wav,ok,
real,LA/ASVspoof2019_LA_dev/flac/LA_D_7074881.flac,C:\Users\91807\sih\ai_voice_detector\data\real\LA_D_7074881.wav,ok,
fake,LA/ASVspoof2019_LA_dev/flac/LA_D_4722400.flac,C:\Users\91807\sih\ai_voice_detector\data\fake\LA_D_4722400.wav,ok,
fake,LA/ASVspoof2019_LA_dev/flac/LA_D_5177635.flac,C:\Users\91807\sih\ai_voice_detector\data\fake\LA_D_5177635.wav,ok,
fake,LA/ASVspoof2019_LA_dev/flac/LA_D_1550368.flac,C:\Users\91807\sih\ai_voice_detector\data\fake\LA_D_1550368.wav,ok,
real,LA/ASVspoof2019_LA_dev/flac/LA_D_7447418.flac,C:\Users\91807\sih\ai_voice_detector\data\real\LA_D_7447418.wav,ok,
fake,LA/ASVspoof2019_LA_dev/flac/LA_D_5453401.flac,C:\Users\91807\sih\ai_voice_detector\data\fake\LA_D_5453401.wav,ok,
real,LA/ASVspoof2019_LA_dev/flac/LA_D_8241585.flac,C:\Users\91807\sih\ai_voice_detector\data\real\LA_D_8241585.wav,ok,
fake,LA/ASVspoof2019_LA_dev/flac/LA_D_3951175.flac,C:\Users\91807\sih\ai_voice_detector\data\fake\LA_D_3951175.wav,ok,
real,LA/ASVspoof2019_LA_dev/flac/LA_D_6208971.flac,C:\Users\91807\sih\ai_voice_detector\data\real\LA_D_6208971.wav,ok,
real,LA/ASVspoof2019_LA_dev/flac/LA_D_1982159.flac,C:\Users\91807\sih\ai_voice_detector\data\real\LA_D_1982159.wav,ok,
real,LA/ASVspoof2019_LA_dev/flac/LA_D_9610405.flac,C:\Users\91807\sih\ai_voice_detector\data\real\LA_D_9610405.wav,ok,
real,LA/ASVspoof2019_LA_dev/flac/LA_D_1895274.flac,C:\Users\91807\sih\ai_voice_detector\data\real\LA_D_1895274.wav,ok,
fake,LA/ASVspoof2019_LA_dev/flac/LA_D_7473056.flac,C:\Users\91807\sih\ai_voice_detector\data\fake\LA_D_7473056.wav,ok,
fake,LA/ASVspoof2019_LA_dev/flac/LA_D_8254731.flac,C:\Users\91807\sih\ai_voice_detector\data\fake\LA_D_8254731.wav,ok,
fake,LA/ASVspoof2019_LA_dev/flac/LA_D_1096227.flac,C:\Users\91807\sih\ai_voice_detector\data\fake\LA_D_1096227.wav,ok,
fake,LA/ASVspoof2019_LA_dev/flac/LA_D_4101246.flac,C:\Users\91807\sih\ai_voice_detector\data\fake\LA_D_4101246.wav,ok,
real,LA/ASVspoof2019_LA_dev/flac/LA_D_9462553.flac,C:\Users\91807\sih\ai_voice_detector\data\real\LA_D_9462553.wav,ok,
real,LA/ASVspoof2019_LA_dev/flac/LA_D_9764499.flac,C:\Users\91807\sih\ai_voice_detector\data\real\LA_D_9764499.wav,ok,
fake,LA/ASVspoof2019_LA_dev/flac/LA_D_2554631.flac,C:\Users\91807\sih\ai_voice_detector\data\fake\LA_D_2554631.wav,ok,
fake,LA/ASVspoof2019_LA_dev/flac/LA_D_1115782.flac,C:\Users\91807\sih\ai_voice_detector\data\fake\LA_D_1115782.wav,ok,
real,LA/ASVspoof2019_LA_dev/flac/LA_D_4706408.flac,C:\Users\91807\sih\ai_voice_detector\data\real\LA_D_4706408.wav,ok,
real,LA/ASVspoof2019_LA_dev/flac/LA_D_1714000.flac,C:\Users\91807\sih\ai_voice_detector\data\real\LA_D_1714000.wav,ok,
real,LA/ASVspoof2019_LA_dev/flac/LA_D_1322543.flac,C:\Users\91807\sih\ai_voice_detector\data\real\LA_D_1322543.wav,ok,
fake,LA/ASVspoof2019_LA_dev/flac/LA_D_3849533.flac,C:\Users\91807\sih\ai_voice_detector\data\fake\LA_D_3849533.wav,ok,
real,LA/ASVspoof2019_LA_dev/flac/LA_D_3994693.flac,C:\Users\91807\sih\ai_voice_detector\data\real\LA_D_3994693.wav,ok,
real,LA/ASVspoof2019_LA_dev/flac/LA_D_4203374.flac,C:\Users\91807\sih\ai_voice_detector\data\real\LA_D_4203374.wav,ok,
real,LA/ASVspoof2019_LA_dev/flac/LA_D_1786730.flac,C:\Users\91807\sih\ai_voice_detector\data\real\LA_D_1786730.wav,ok,
fake,LA/ASVspoof2019_LA_dev/flac/LA_D_3248256.flac,C:\Users\91807\sih\ai_voice_detector\data\fake\LA_D_3248256.wav,ok,
real,LA/ASVspoof2019_LA_dev/flac/LA_D_4776681.flac,C:\Users\91807\sih\ai_voice_detector\data\real\LA_D_4776681.wav,ok,
real,LA/ASVspoof2019_LA_dev/flac/LA_D_6963530.flac,C:\Users\91807\sih\ai_voice_detector\data\real\LA_D_6963530.wav,ok,
fake,LA/ASVspoof2019_LA_dev/flac/LA_D_5422570.flac,C:\Users\91807\sih\ai_voice_detector\data\fake\LA_D_5422570.wav,ok,
fake,LA/ASVspoof2019_LA_dev/flac/LA_D_3003086.flac,C:\Users\91807\sih\ai_voice_detector\data\fake\LA_D_3003086.wav,ok,
real,LA/ASVspoof2019_LA_dev/flac/LA_D_3967203.flac,C:\Users\91807\sih\ai_voice_detector\data\real\LA_D_3967203.wav,ok,
fake,LA/ASVspoof2019_LA_dev/flac/LA_D_8832668.flac,C:\Users\91807\sih\ai_voice_detector\data\fake\LA_D_8832668.wav,ok,
fake,LA/ASVspoof2019_LA_dev/flac/LA_D_7390522.flac,C:\Users\91807\sih\ai_voice_detector\data\fake\LA_D_7390522.wav,ok,
fake,LA/ASVspoof2019_LA_dev/flac/LA_D_9158496.flac,C:\Users\91807\sih\ai_voice_detector\data\fake\LA_D_9158496.wav,ok,
fake,LA/ASVspoof2019_LA_dev/flac/LA_D_3044640.flac,C:\Users\91807\sih\ai_voice_detector\data\fake\LA_D_3044640.wav,ok,
real,LA/ASVspoof2019_LA_dev/flac/LA_D_9822511.flac,C:\Users\91807\sih\ai_voice_detector\data\real\LA_D_9822511.wav,ok,
fake,LA/ASVspoof2019_LA_dev/flac/LA_D_5303682.flac,C:\Users\91807\sih\ai_voice_detector\data\fake\LA_D_5303682.wav,ok,
real,LA/ASVspoof2019_LA_dev/flac/LA_D_4354056.flac,C:\Users\91807\sih\ai_voice_detector\data\real\LA_D_4354056.wav,ok,
fake,LA/ASVspoof2019_LA_dev/flac/LA_D_7366764.flac,C:\Users\91807\sih\ai_voice_detector\data\fake\LA_D_7366764.wav,ok,
fake,LA/ASVspoof2019_LA_dev/flac/LA_D_4682422.flac,C:\Users\91807\sih\ai_voice_detector\data\fake\LA_D_4682422.wav,ok,
real,LA/ASVspoof2019_LA_dev/flac/LA_D_2766423.flac,C:\Users\91807\sih\ai_voice_detector\data\real\LA_D_2766423.wav,ok,
fake,LA/ASVspoof2019_LA_dev/flac/LA_D_9310262.flac,C:\Users\91807\sih\ai_voice_detector\data\fake\LA_D_9310262.wav,ok,
real,LA/ASVspoof2019_LA_dev/flac/LA_D_5648462.flac,C:\Users\91807\sih\ai_voice_detector\data\real\LA_D_5648462.wav,ok,
real,LA/ASVspoof2019_LA_dev/flac/LA_D_6622348.flac,C:\Users\91807\sih\ai_voice_detector\data\real\LA_D_6622348.wav,ok,
real,LA/ASVspoof2019_LA_dev/flac/LA_D_9666678.flac,C:\Users\91807\sih\ai_voice_detector\data\real\LA_D_9666678.wav,ok,
fake,LA/ASVspoof2019_LA_dev/flac/LA_D_2339309.flac,C:\Users\91807\sih\ai_voice_detector\data\fake\LA_D_2339309.wav,ok,
fake,LA/ASVspoof2019_LA_dev/flac/LA_D_9573599.flac,C:\Users\91807\sih\ai_voice_detector\data\fake\LA_D_9573599.wav,ok,
real,LA/ASVspoof2019_LA_dev/flac/LA_D_9060455.flac,C:\Users\91807\sih\ai_voice_detector\data\real\LA_D_9060455.wav,ok,
real,LA/ASVspoof2019_LA_dev/flac/LA_D_8183126.flac,C:\Users\91807\sih\ai_voice_detector\data\real\LA_D_8183126.wav,ok,
fake,LA/ASVspoof2019_LA_dev/flac/LA_D_9945660.flac,C:\Users\91807\sih\ai_voice_detector\data\fake\LA_D_9945660.wav,ok,
fake,LA/ASVspoof2019_LA_dev/flac/LA_D_4433438.flac,C:\Users\91807\sih\ai_voice_detector\data\fake\LA_D_4433438.wav,ok,
fake,LA/ASVspoof2019_LA_dev/flac/LA_D_2973553.flac,C:\Users\91807\sih\ai_voice_detector\data\fake\LA_D_2973553.wav,ok,
fake,LA/ASVspoof2019_LA_dev/flac/LA_D_5661632.flac,C:\Users\91807\sih\ai_voice_detector\data\fake\LA_D_5661632.wav,ok,
fake,LA/ASVspoof2019_LA_dev/flac/LA_D_4782365.flac,C:\Users\91807\sih\ai_voice_detector\data\fake\LA_D_4782365.wav,ok,
fake,LA/ASVspoof2019_LA_dev/flac/LA_D_2278407.flac,C:\Users\91807\sih\ai_voice_detector\data\fake\LA_D_2278407.wav,ok,
fake,LA/ASVspoof2019_LA_dev/flac/LA_D_5247869.flac,C:\Users\91807\sih\ai_voice_detector\data\fake\LA_D_5247869.wav,ok,
real,LA/ASVspoof2019_LA_dev/flac/LA_D_7596579.flac,C:\Users\91807\sih\ai_voice_detector\data\real\LA_D_7596579.wav,ok,
fake,LA/ASVspoof2019_LA_dev/flac/LA_D_8900733.flac,C:\Users\91807\sih\ai_voice_detector\data\fake\LA_D_8900733.wav,ok,
real,LA/ASVspoof2019_LA_dev/flac/LA_D_3342452.flac,C:\Users\91807\sih\ai_voice_detector\data\real\LA_D_3342452.wav,ok,
real,LA/ASVspoof2019_LA_dev/flac/LA_D_4876634.flac,C:\Users\91807\sih\ai_voice_detector\data\real\LA_D_4876634.wav,ok,
fake,LA/ASVspoof2019_LA_dev/flac/LA_D_3003562.flac,C:\Users\91807\sih\ai_voice_detector\data\fake\LA_D_3003562.wav,ok,
fake,LA/ASVspoof2019_LA_dev/flac/LA_D_3628945.flac,C:\Users\91807\sih\ai_voice_detector\data\fake\LA_D_3628945.wav,ok,
real,LA/ASVspoof2019_LA_dev/flac/LA_D_9039818.flac,C:\Users\91807\sih\ai_voice_detector\data\real\LA_D_9039818.wav,ok,
real,LA/ASVspoof2019_LA_dev/flac/LA_D_3299949.flac,C:\Users\91807\sih\ai_voice_detector\data\real\LA_D_3299949.wav,ok,
real,LA/ASVspoof2019_LA_dev/flac/LA_D_5927388.flac,C:\Users\91807\sih\ai_voice_detector\data\real\LA_D_5927388.wav,ok,
fake,LA/ASVspoof2019_LA_dev/flac/LA_D_6097564.flac,C:\Users\91807\sih\ai_voice_detector\data\fake\LA_D_6097564.wav,ok,
fake,LA/ASVspoof2019_LA_dev/flac/LA_D_2325645.flac,C:\Users\91807\sih\ai_voice_detector\data\fake\LA_D_2325645.wav,ok,
real,LA/ASVspoof2019_LA_dev/flac/LA_D_6503475.flac,C:\Users\91807\sih\ai_voice_detector\data\real\LA_D_6503475.wav,ok,
fake,LA/ASVspoof2019_LA_dev/flac/LA_D_1427144.flac,C:\Users\91807\sih\ai_voice_detector\data\fake\LA_D_1427144.wav,ok,
fake,LA/ASVspoof2019_LA_dev/flac/LA_D_7509263.flac,C:\Users\91807\sih\ai_voice_detector\data\fake\LA_D_7509263.wav,ok,
real,LA/ASVspoof2019_LA_dev/flac/LA_D_4782067.flac,C:\Users\91807\sih\ai_voice_detector\data\real\LA_D_4782067.wav,ok,
real,LA/ASVspoof2019_LA_dev/flac/LA_D_2946318.flac,C:\Users\91807\sih\ai_voice_detector\data\real\LA_D_2946318.wav,ok,
fake,LA/ASVspoof2019_LA_dev/flac/LA_D_1594826.flac,C:\Users\91807\sih\ai_voice_detector\data\fake\LA_D_1594826.wav,ok,
real,LA/ASVspoof2019_LA_dev/flac/LA_D_2535161.flac,C:\Users\91807\sih\ai_voice_detector\data\real\LA_D_2535161.wav,ok,
fake,LA/ASVspoof2019_LA_dev/flac/LA_D_1142805.flac,C:\Users\91807\sih\ai_voice_detector\data\fake\LA_D_1142805.wav,ok,
fake,LA/ASVspoof2019_LA_dev/flac/LA_D_2896219.flac,C:\Users\91807\sih\ai_voice_detector\data\fake\LA_D_2896219.wav,ok,
fake,LA/ASVspoof2019_LA_dev/flac/LA_D_1320213.flac,C:\Users\91807\sih\ai_voice_detector\data\fake\LA_D_1320213.wav,ok,
fake,LA/ASVspoof2019_LA_dev/flac/LA_D_6187174.flac,C:\Users\91807\sih\ai_voice_detector\data\fake\LA_D_6187174.wav,ok,
real,LA/ASVspoof2019_LA_dev/flac/LA_D_1702465.flac,C:\Users\91807\sih\ai_voice_detector\data\real\LA_D_1702465.wav,ok,
fake,LA/ASVspoof2019_LA_dev/flac/LA_D_2310737.flac,C:\Users\91807\sih\ai_voice_detector\data\fake\LA_D_2310737.wav,ok,
fake,LA/ASVspoof2019_LA_dev/flac/LA_D_9940119.flac,C:\Users\91807\sih\ai_voice_detector\data\fake\LA_D_9940119.wav,ok,
fake,LA/ASVspoof2019_LA_dev/flac/LA_D_1851119.flac,C:\Users\91807\sih\ai_voice_detector\data\fake\LA_D_1851119.wav,ok,
real,LA/ASVspoof2019_LA_dev/flac/LA_D_9113203.flac,C:\Users\91807\sih\ai_voice_detector\data\real\LA_D_9113203.wav,ok,
fake,LA/ASVspoof2019_LA_dev/flac/LA_D_2344679.flac,C:\Users\91807\sih\ai_voice_detector\data\fake\LA_D_2344679.wav,ok,
real,LA/ASVspoof2019_LA_dev/flac/LA_D_3404272.flac,C:\Users\91807\sih\ai_voice_detector\data\real\LA_D_3404272.wav,ok,
fake,LA/ASVspoof2019_LA_dev/flac/LA_D_2049727.flac,C:\Users\91807\sih\ai_voice_detector\data\fake\LA_D_2049727.wav,ok,
fake,LA/ASVspoof2019_LA_dev/flac/LA_D_5478942.flac,C:\Users\91807\sih\ai_voice_detector\data\fake\LA_D_5478942.wav,ok,
real,LA/ASVspoof2019_LA_dev/flac/LA_D_1096053.flac,C:\Users\91807\sih\ai_voice_detector\data\real\LA_D_1096053.wav,ok,
fake,LA/ASVspoof2019_LA_dev/flac/LA_D_6383067.flac,C:\Users\91807\sih\ai_voice_detector\data\fake\LA_D_6383067.wav,ok,
real,LA/ASVspoof2019_LA_dev/flac/LA_D_8215973.flac,C:\Users\91807\sih\ai_voice_detector\data\real\LA_D_8215973.wav,ok,
fake,LA/ASVspoof2019_LA_dev/flac/LA_D_2665201.flac,C:\Users\91807\sih\ai_voice_detector\data\fake\LA_D_2665201.wav,ok,
fake,LA/ASVspoof2019_LA_dev/flac/LA_D_8987632.flac,C:\Users\91807\sih\ai_voice_detector\data\fake\LA_D_8987632.wav,ok,
real,LA/ASVspoof2019_LA_dev/flac/LA_D_2462521.flac,C:\Users\91807\sih\ai_voice_detector\data\real\LA_D_2462521.wav,ok,
fake,LA/ASVspoof2019_LA_dev/flac/LA_D_4344125.flac,C:\Users\91807\sih\ai_voice_detector\data\fake\LA_D_4344125.wav,ok,
real,LA/ASVspoof2019_LA_dev/flac/LA_D_8322305.flac,C:\Users\91807\sih\ai_voice_detector\data\real\LA_D_8322305.wav,ok,
real,LA/ASVspoof2019_LA_dev/flac/LA_D_8289729.flac,C:\Users\91807\sih\ai_voice_detector\data\real\LA_D_8289729.wav,ok,
fake,LA/ASVspoof2019_LA_dev/flac/LA_D_8260982.flac,C:\Users\91807\sih\ai_voice_detector\data\fake\LA_D_8260982.wav,ok,
fake,LA/ASVspoof2019_LA_dev/flac/LA_D_6445749.flac,C:\Users\91807\sih\ai_voice_detector\data\fake\LA_D_6445749.wav,ok,
real,LA/ASVspoof2019_LA_dev/flac/LA_D_2286902.flac,C:\Users\91807\sih\ai_voice_detector\data\real\LA_D_2286902.wav,ok,
fake,LA/ASVspoof2019_LA_dev/flac/LA_D_2763276.flac,C:\Users\91807\sih\ai_voice_detector\data\fake\LA_D_2763276.wav,ok,
real,LA/ASVspoof2019_LA_dev/flac/LA_D_3283135.flac,C:\Users\91807\sih\ai_voice_detector\data\real\LA_D_3283135.wav,ok,
fake,LA/ASVspoof2019_LA_dev/flac/LA_D_7872579.flac,C:\Users\91807\sih\ai_voice_detector\data\fake\LA_D_7872579.wav,ok,
real,LA/ASVspoof2019_LA_dev/flac/LA_D_1367406.flac,C:\Users\91807\sih\ai_voice_detector\data\real\LA_D_1367406.wav,ok,
real,LA/ASVspoof2019_LA_dev/flac/LA_D_9385770.flac,C:\Users\91807\sih\ai_voice_detector\data\real\LA_D_9385770.wav,ok,
real,LA/ASVspoof2019_LA_dev/flac/LA_D_7066960.flac,C:\Users\91807\sih\ai_voice_detector\data\real\LA_D_7066960.wav,ok,
real,LA/ASVspoof2019_LA_dev/flac/LA_D_7544405.flac,C:\Users\91807\sih\ai_voice_detector\data\real\LA_D_7544405.wav,ok,
real,LA/ASVspoof2019_LA_dev/flac/LA_D_1829406.flac,C:\Users\91807\sih\ai_voice_detector\data\real\LA_D_1829406.wav,ok,
fake,LA/ASVspoof2019_LA_dev/flac/LA_D_7297893.flac,C:\Users\91807\sih\ai_voice_detector\data\fake\LA_D_7297893.wav,ok,
real,LA/ASVspoof2019_LA_dev/flac/LA_D_5666784.flac,C:\Users\91807\sih\ai_voice_detector\data\real\LA_D_5666784.wav,ok,
real,LA/ASVspoof2019_LA_dev/flac/LA_D_9304099.flac,C:\Users\91807\sih\ai_voice_detector\data\real\LA_D_9304099.wav,ok,
real,LA/ASVspoof2019_LA_dev/flac/LA_D_8210054.flac,C:\Users\91807\sih\ai_voice_detector\data\real\LA_D_8210054.wav,ok,
fake,LA/ASVspoof2019_LA_dev/flac/LA_D_7069093.flac,C:\Users\91807\sih\ai_voice_detector\data\fake\LA_D_7069093.wav,ok,
fake,LA/ASVspoof2019_LA_dev/flac/LA_D_9966402.flac,C:\Users\91807\sih\ai_voice_detector\data\fake\LA_D_9966402.wav,ok,
fake,LA/ASVspoof2019_LA_dev/flac/LA_D_8744543.flac,C:\Users\91807\sih\ai_voice_detector\data\fake\LA_D_8744543.wav,ok,
fake,LA/ASVspoof2019_LA_dev/flac/LA_D_7786100.flac,C:\Users\91807\sih\ai_voice_detector\data\fake\LA_D_7786100.wav,ok,
real,LA/ASVspoof2019_LA_dev/flac/LA_D_3475865.flac,C:\Users\91807\sih\ai_voice_detector\data\real\LA_D_3475865.wav,ok,
real,LA/ASVspoof2019_LA_dev/flac/LA_D_2531373.flac,C:\Users\91807\sih\ai_voice_detector\data\real\LA_D_2531373.wav,ok,
fake,LA/ASVspoof2019_LA_dev/flac/LA_D_4990269.flac,C:\Users\91807\sih\ai_voice_detector\data\fake\LA_D_4990269.wav,ok,
real,LA/ASVspoof2019_LA_dev/flac/LA_D_7162317.flac,C:\Users\91807\sih\ai_voice_detector\data\real\LA_D_7162317.wav,ok,
fake,LA/ASVspoof2019_LA_dev/flac/LA_D_9456791.flac,C:\Users\91807\sih\ai_voice_detector\data\fake\LA_D_9456791.wav,ok,
fake,LA/ASVspoof2019_LA_dev/flac/LA_D_8376351.flac,C:\Users\91807\sih\ai_voice_detector\data\fake\LA_D_8376351.wav,ok,
real,LA/ASVspoof2019_LA_dev/flac/LA_D_2002365.flac,C:\Users\91807\sih\ai_voice_detector\data\real\LA_D_2002365.wav,ok,
real,LA/ASVspoof2019_LA_dev/flac/LA_D_7651671.flac,C:\Users\91807\sih\ai_voice_detector\data\real\LA_D_7651671.wav,ok,
real,LA/ASVspoof2019_LA_dev/flac/LA_D_3895551.flac,C:\Users\91807\sih\ai_voice_detector\data\real\LA_D_3895551.wav,ok,
fake,LA/ASVspoof2019_LA_dev/flac/LA_D_8924760.flac,C:\Users\91807\sih\ai_voice_detector\data\fake\LA_D_8924760.wav,ok,
real,LA/ASVspoof2019_LA_dev/flac/LA_D_1301234.flac,C:\Users\91807\sih\ai_voice_detector\data\real\LA_D_1301234.wav,ok,
fake,LA/ASVspoof2019_LA_dev/flac/LA_D_7380127.flac,C:\Users\91807\sih\ai_voice_detector\data\fake\LA_D_7380127.wav,ok,
fake,LA/ASVspoof2019_LA_dev/flac/LA_D_4261231.flac,C:\Users\91807\sih\ai_voice_detector\data\fake\LA_D_4261231.wav,ok,
real,LA/ASVspoof2019_LA_dev/flac/LA_D_8699257.flac,C:\Users\91807\sih\ai_voice_detector\data\real\LA_D_8699257.wav,ok,
real,LA/ASVspoof2019_LA_dev/flac/LA_D_9124171.flac,C:\Users\91807\sih\ai_voice_detector\data\real\LA_D_9124171.wav,ok,
real,LA/ASVspoof2019_LA_dev/flac/LA_D_2855417.flac,C:\Users\91807\sih\ai_voice_detector\data\real\LA_D_2855417.wav,ok,
real,LA/ASVspoof2019_LA_dev/flac/LA_D_8364855.flac,C:\Users\91807\sih\ai_voice_detector\data\real\LA_D_8364855.wav,ok,
fake,LA/ASVspoof2019_LA_dev/flac/LA_D_4762537.flac,C:\Users\91807\sih\ai_voice_detector\data\fake\LA_D_4762537.wav,ok,
fake,LA/ASVspoof2019_LA_dev/flac/LA_D_1767794.flac,C:\Users\91807\sih\ai_voice_detector\data\fake\LA_D_1767794.wav,ok,
real,LA/ASVspoof2019_LA_dev/flac/LA_D_1119156.flac,C:\Users\91807\sih\ai_voice_detector\data\real\LA_D_1119156.wav,ok,
real,LA/ASVspoof2019_LA_dev/flac/LA_D_3891696.flac,C:\Users\91807\sih\ai_voice_detector\data\real\LA_D_3891696.wav,ok,
real,LA/ASVspoof2019_LA_dev/flac/LA_D_3746211.flac,C:\Users\91807\sih\ai_voice_detector\data\real\LA_D_3746211.wav,ok,
real,LA/ASVspoof2019_LA_dev/flac/LA_D_9523504.flac,C:\Users\91807\sih\ai_voice_detector\data\real\LA_D_9523504.wav,ok,
fake,LA/ASVspoof2019_LA_dev/flac/LA_D_6359607.flac,C:\Users\91807\sih\ai_voice_detector\data\fake\LA_D_6359607.wav,ok,
fake,LA/ASVspoof2019_LA_dev/flac/LA_D_7589265.flac,C:\Users\91807\sih\ai_voice_detector\data\fake\LA_D_7589265.wav,ok,
real,LA/ASVspoof2019_LA_dev/flac/LA_D_6838449.flac,C:\Users\91807\sih\ai_voice_detector\data\real\LA_D_6838449.wav,ok,
fake,LA/ASVspoof2019_LA_dev/flac/LA_D_4844408.flac,C:\Users\91807\sih\ai_voice_detector\data\fake\LA_D_4844408.wav,ok,
real,LA/ASVspoof2019_LA_dev/flac/LA_D_6594571.flac,C:\Users\91807\sih\ai_voice_detector\data\real\LA_D_6594571.wav,ok,
real,LA/ASVspoof2019_LA_dev/flac/LA_D_4248918.flac,C:\Users\91807\sih\ai_voice_detector\data\real\LA_D_4248918.wav,ok,
real,LA/ASVspoof2019_LA_dev/flac/LA_D_3714679.flac,C:\Users\91807\sih\ai_voice_detector\data\real\LA_D_3714679.wav,ok,
fake,LA/ASVspoof2019_LA_dev/flac/LA_D_1402046.flac,C:\Users\91807\sih\ai_voice_detector\data\fake\LA_D_1402046.wav,ok,
real,LA/ASVspoof2019_LA_dev/flac/LA_D_5780144.flac,C:\Users\91807\sih\ai_voice_detector\data\real\LA_D_5780144.wav,ok,
fake,LA/ASVspoof2019_LA_dev/flac/LA_D_2874951.flac,C:\Users\91807\sih\ai_voice_detector\data\fake\LA_D_2874951.wav,ok,
real,LA/ASVspoof2019_LA_dev/flac/LA_D_8262874.flac,C:\Users\91807\sih\ai_voice_detector\data\real\LA_D_8262874.wav,ok,
fake,LA/ASVspoof2019_LA_dev/flac/LA_D_6568228.flac,C:\Users\91807\sih\ai_voice_detector\data\fake\LA_D_6568228.wav,ok,
fake,LA/ASVspoof2019_LA_dev/flac/LA_D_4722555.flac,C:\Users\91807\sih\ai_voice_detector\data\fake\LA_D_4722555.wav,ok,
real,LA/ASVspoof2019_LA_dev/flac/LA_D_1500385.flac,C:\Users\91807\sih\ai_voice_detector\data\real\LA_D_1500385.wav,ok,
real,LA/ASVspoof2019_LA_dev/flac/LA_D_4014487.flac,C:\Users\91807\sih\ai_voice_detector\data\real\LA_D_4014487.wav,ok,
fake,LA/ASVspoof2019_LA_dev/flac/LA_D_4825879.flac,C:\Users\91807\sih\ai_voice_detector\data\fake\LA_D_4825879.wav,ok,
fake,LA/ASVspoof2019_LA_dev/flac/LA_D_1064949.flac,C:\Users\91807\sih\ai_voice_detector\data\fake\LA_D_1064949.wav,ok,
fake,LA/ASVspoof2019_LA_dev/flac/LA_D_4356469.flac,C:\Users\91807\sih\ai_voice_detector\data\fake\LA_D_4356469.wav,ok,
fake,LA/ASVspoof2019_LA_dev/flac/LA_D_6151678.flac,C:\Users\91807\sih\ai_voice_detector\data\fake\LA_D_6151678.wav,ok,
fake,LA/ASVspoof2019_LA_dev/flac/LA_D_4796348.flac,C:\Users\91807\sih\ai_voice_detector\data\fake\LA_D_4796348.wav,ok,
fake,LA/ASVspoof2019_LA_dev/flac/LA_D_3048577.flac,C:\Users\91807\sih\ai_voice_detector\data\fake\LA_D_3048577.wav,ok,
real,LA/ASVspoof2019_LA_dev/flac/LA_D_8736165.flac,C:\Users\91807\sih\ai_voice_detector\data\real\LA_D_8736165.wav,ok,
fake,LA/ASVspoof2019_LA_dev/flac/LA_D_9156289.flac,C:\Users\91807\sih\ai_voice_detector\data\fake\LA_D_9156289.wav,ok,
real,LA/ASVspoof2019_LA_dev/flac/LA_D_4751390.flac,C:\Users\91807\sih\ai_voice_detector\data\real\LA_D_4751390.wav,ok,
fake,LA/ASVspoof2019_LA_dev/flac/LA_D_1637646.flac,C:\Users\91807\sih\ai_voice_detector\data\fake\LA_D_1637646.wav,ok,
fake,LA/ASVspoof2019_LA_dev/flac/LA_D_4372323.flac,C:\Users\91807\sih\ai_voice_detector\data\fake\LA_D_4372323.wav,ok,
real,LA/ASVspoof2019_LA_dev/flac/LA_D_4457189.flac,C:\Users\91807\sih\ai_voice_detector\data\real\LA_D_4457189.wav,ok,
real,LA/ASVspoof2019_LA_dev/flac/LA_D_6252124.flac,C:\Users\91807\sih\ai_voice_detector\data\real\LA_D_6252124.wav,ok,
fake,LA/ASVspoof2019_LA_dev/flac/LA_D_5192357.flac,C:\Users\91807\sih\ai_voice_detector\data\fake\LA_D_5192357.wav,ok,
fake,LA/ASVspoof2019_LA_dev/flac/LA_D_2836370.flac,C:\Users\91807\sih\ai_voice_detector\data\fake\LA_D_2836370.wav,ok,
real,LA/ASVspoof2019_LA_dev/flac/LA_D_3124251.flac,C:\Users\91807\sih\ai_voice_detector\data\real\LA_D_3124251.wav,ok,
real,LA/ASVspoof2019_LA_dev/flac/LA_D_9435329.flac,C:\Users\91807\sih\ai_voice_detector\data\real\LA_D_9435329.wav,ok,
fake,LA/ASVspoof2019_LA_dev/flac/LA_D_7112988.flac,C:\Users\91807\sih\ai_voice_detector\data\fake\LA_D_7112988.wav,ok,
real,LA/ASVspoof2019_LA_dev/flac/LA_D_6324927.flac,C:\Users\91807\sih\ai_voice_detector\data\real\LA_D_6324927.wav,ok,
real,LA/ASVspoof2019_LA_dev/flac/LA_D_2653208.flac,C:\Users\91807\sih\ai_voice_detector\data\real\LA_D_2653208.wav,ok,
real,LA/ASVspoof2019_LA_dev/flac/LA_D_2223225.flac,C:\Users\91807\sih\ai_voice_detector\data\real\LA_D_2223225.wav,ok,
fake,LA/ASVspoof2019_LA_dev/flac/LA_D_9159389.flac,C:\Users\91807\sih\ai_voice_detector\data\fake\LA_D_9159389.wav,ok,
fake,LA/ASVspoof2019_LA_dev/flac/LA_D_7861602.flac,C:\Users\91807\sih\ai_voice_detector\data\fake\LA_D_7861602.wav,ok,
fake,LA/ASVspoof2019_LA_dev/flac/LA_D_8113458.flac,C:\Users\91807\sih\ai_voice_detector\data\fake\LA_D_8113458.wav,ok,
fake,LA/ASVspoof2019_LA_dev/flac/LA_D_2121128.flac,C:\Users\91807\sih\ai_voice_detector\data\fake\LA_D_2121128.wav,ok,
fake,LA/ASVspoof2019_LA_dev/flac/LA_D_8209765.flac,C:\Users\91807\sih\ai_voice_detector\data\fake\LA_D_8209765.wav,ok,
real,LA/ASVspoof2019_LA_dev/flac/LA_D_5503012.flac,C:\Users\91807\sih\ai_voice_detector\data\real\LA_D_5503012.wav,ok,
real,LA/ASVspoof2019_LA_dev/flac/LA_D_1822237.flac,C:\Users\91807\sih\ai_voice_detector\data\real\LA_D_1822237.wav,ok,
fake,LA/ASVspoof2019_LA_dev/flac/LA_D_6309848.flac,C:\Users\91807\sih\ai_voice_detector\data\fake\LA_D_6309848.wav,ok,
fake,LA/ASVspoof2019_LA_dev/flac/LA_D_9425878.flac,C:\Users\91807\sih\ai_voice_detector\data\fake\LA_D_9425878.wav,ok,
fake,LA/ASVspoof2019_LA_dev/flac/LA_D_3763099.flac,C:\Users\91807\sih\ai_voice_detector\data\fake\LA_D_3763099.wav,ok,
fake,LA/ASVspoof2019_LA_dev/flac/LA_D_5109561.flac,C:\Users\91807\sih\ai_voice_detector\data\fake\LA_D_5109561.wav,ok,
fake,LA/ASVspoof2019_LA_dev/flac/LA_D_5182772.flac,C:\Users\91807\sih\ai_voice_detector\data\fake\LA_D_5182772.wav,ok,
fake,LA/ASVspoof2019_LA_dev/flac/LA_D_5277589.flac,C:\Users\91807\sih\ai_voice_detector\data\fake\LA_D_5277589.wav,ok,
fake,LA/ASVspoof2019_LA_dev/flac/LA_D_8368027.flac,C:\Users\91807\sih\ai_voice_detector\data\fake\LA_D_8368027.wav,ok,
fake,LA/ASVspoof2019_LA_dev/flac/LA_D_7328082.flac,C:\Users\91807\sih\ai_voice_detector\data\fake\LA_D_7328082.wav,ok,
fake,LA/ASVspoof2019_LA_dev/flac/LA_D_4515281.flac,C:\Users\91807\sih\ai_voice_detector\data\fake\LA_D_4515281.wav,ok,
fake,LA/ASVspoof2019_LA_dev/flac/LA_D_7519959.flac,C:\Users\91807\sih\ai_voice_detector\data\fake\LA_D_7519959.wav,ok,
real,LA/ASVspoof2019_LA_dev/flac/LA_D_1577384.flac,C:\Users\91807\sih\ai_voice_detector\data\real\LA_D_1577384.wav,ok,
real,LA/ASVspoof2019_LA_dev/flac/LA_D_7945965.flac,C:\Users\91807\sih\ai_voice_detector\data\real\LA_D_7945965.wav,ok,
real,LA/ASVspoof2019_LA_dev/flac/LA_D_3483451.flac,C:\Users\91807\sih\ai_voice_detector\data\real\LA_D_3483451.wav,ok,
fake,LA/ASVspoof2019_LA_dev/flac/LA_D_9439129.flac,C:\Users\91807\sih\ai_voice_detector\data\fake\LA_D_9439129.wav,ok,
real,LA/ASVspoof2019_LA_dev/flac/LA_D_9843427.flac,C:\Users\91807\sih\ai_voice_detector\data\real\LA_D_9843427.wav,ok,
real,LA/ASVspoof2019_LA_dev/flac/LA_D_4310386.flac,C:\Users\91807\sih\ai_voice_detector\data\real\LA_D_4310386.wav,ok,
fake,LA/ASVspoof2019_LA_dev/flac/LA_D_2523389.flac,C:\Users\91807\sih\ai_voice_detector\data\fake\LA_D_2523389.wav,ok,
real,LA/ASVspoof2019_LA_dev/flac/LA_D_3706083.flac,C:\Users\91807\sih\ai_voice_detector\data\real\LA_D_3706083.wav,ok,
real,LA/ASVspoof2019_LA_dev/flac/LA_D_5107120.flac,C:\Users\91807\sih\ai_voice_detector\data\real\LA_D_5107120.wav,ok,
fake,LA/ASVspoof2019_LA_dev/flac/LA_D_2546184.flac,C:\Users\91807\sih\ai_voice_detector\data\fake\LA_D_2546184.wav,ok,
real,LA/ASVspoof2019_LA_dev/flac/LA_D_4445250.flac,C:\Users\91807\sih\ai_voice_detector\data\real\LA_D_4445250.wav,ok,
real,LA/ASVspoof2019_LA_dev/flac/LA_D_5824998.flac,C:\Users\91807\sih\ai_voice_detector\data\real\LA_D_5824998.wav,ok,
real,LA/ASVspoof2019_LA_dev/flac/LA_D_5561293.flac,C:\Users\91807\sih\ai_voice_detector\data\real\LA_D_5561293.wav,ok,
real,LA/ASVspoof2019_LA_dev/flac/LA_D_7513515.flac,C:\Users\91807\sih\ai_voice_detector\data\real\LA_D_7513515.wav,ok,
fake,LA/ASVspoof2019_LA_dev/flac/LA_D_1412811.flac,C:\Users\91807\sih\ai_voice_detector\data\fake\LA_D_1412811.wav,ok,
fake,LA/ASVspoof2019_LA_dev/flac/LA_D_3614881.flac,C:\Users\91807\sih\ai_voice_detector\data\fake\LA_D_3614881.wav,ok,
fake,LA/ASVspoof2019_LA_dev/flac/LA_D_3671224.flac,C:\Users\91807\sih\ai_voice_detector\data\fake\LA_D_3671224.wav,ok,
fake,LA/ASVspoof2019_LA_dev/flac/LA_D_7537476.flac,C:\Users\91807\sih\ai_voice_detector\data\fake\LA_D_7537476.wav,ok,
fake,LA/ASVspoof2019_LA_dev/flac/LA_D_5066427.flac,C:\Users\91807\sih\ai_voice_detector\data\fake\LA_D_5066427.wav,ok,
fake,LA/ASVspoof2019_LA_dev/flac/LA_D_2425341.flac,C:\Users\91807\sih\ai_voice_detector\data\fake\LA_D_2425341.wav,ok,
fake,LA/ASVspoof2019_LA_dev/flac/LA_D_7805571.flac,C:\Users\91807\sih\ai_voice_detector\data\fake\LA_D_7805571.wav,ok,
real,LA/ASVspoof2019_LA_dev/flac/LA_D_4148603.flac,C:\Users\91807\sih\ai_voice_detector\data\real\LA_D_4148603.wav,ok,
fake,LA/ASVspoof2019_LA_dev/flac/LA_D_3224827.flac,C:\Users\91807\sih\ai_voice_detector\data\fake\LA_D_3224827.wav,ok,
real,LA/ASVspoof2019_LA_dev/flac/LA_D_5049363.flac,C:\Users\91807\sih\ai_voice_detector\data\real\LA_D_5049363.wav,ok,
real,LA/ASVspoof2019_LA_dev/flac/LA_D_4328579.flac,C:\Users\91807\sih\ai_voice_detector\data\real\LA_D_4328579.wav,ok,
fake,LA/ASVspoof2019_LA_dev/flac/LA_D_1744737.flac,C:\Users\91807\sih\ai_voice_detector\data\fake\LA_D_1744737.wav,ok,
fake,LA/ASVspoof2019_LA_dev/flac/LA_D_3235008.flac,C:\Users\91807\sih\ai_voice_detector\data\fake\LA_D_3235008.wav,ok,
real,LA/ASVspoof2019_LA_dev/flac/LA_D_9311350.flac,C:\Users\91807\sih\ai_voice_detector\data\real\LA_D_9311350.wav,ok,
fake,LA/ASVspoof2019_LA_dev/flac/LA_D_4601718.flac,C:\Users\91807\sih\ai_voice_detector\data\fake\LA_D_4601718.wav,ok,
fake,LA/ASVspoof2019_LA_dev/flac/LA_D_2530860.flac,C:\Users\91807\sih\ai_voice_detector\data\fake\LA_D_2530860.wav,ok,
fake,LA/ASVspoof2019_LA_dev/flac/LA_D_8546378.flac,C:\Users\91807\sih\ai_voice_detector\data\fake\LA_D_8546378.wav,ok,
real,LA/ASVspoof2019_LA_dev/flac/LA_D_7600381.flac,C:\Users\91807\sih\ai_voice_detector\data\real\LA_D_7600381.wav,ok,
real,LA/ASVspoof2019_LA_dev/flac/LA_D_8621322.flac,C:\Users\91807\sih\ai_voice_detector\data\real\LA_D_8621322.wav,ok,
real,LA/ASVspoof2019_LA_dev/flac/LA_D_8826808.flac,C:\Users\91807\sih\ai_voice_detector\data\real\LA_D_8826808.wav,ok,
fake,LA/ASVspoof2019_LA_dev/flac/LA_D_9429683.flac,C:\Users\91807\sih\ai_voice_detector\data\fake\LA_D_9429683.wav,ok,
fake,LA/ASVspoof2019_LA_dev/flac/LA_D_4589909.flac,C:\Users\91807\sih\ai_voice_detector\data\fake\LA_D_4589909.wav,ok,
fake,LA/ASVspoof2019_LA_dev/flac/LA_D_5778263.flac,C:\Users\91807\sih\ai_voice_detector\data\fake\LA_D_5778263.wav,ok,
real,LA/ASVspoof2019_LA_dev/flac/LA_D_1570970.flac,C:\Users\91807\sih\ai_voice_detector\data\real\LA_D_1570970.wav,ok,
fake,LA/ASVspoof2019_LA_dev/flac/LA_D_1042992.flac,C:\Users\91807\sih\ai_voice_detector\data\fake\LA_D_1042992.wav,ok,
fake,LA/ASVspoof2019_LA_dev/flac/LA_D_7488791.flac,C:\Users\91807\sih\ai_voice_detector\data\fake\LA_D_7488791.wav,ok,
fake,LA/ASVspoof2019_LA_dev/flac/LA_D_8198366.flac,C:\Users\91807\sih\ai_voice_detector\data\fake\LA_D_8198366.wav,ok,
fake,LA/ASVspoof2019_LA_dev/flac/LA_D_6644343.flac,C:\Users\91807\sih\ai_voice_detector\data\fake\LA_D_6644343.wav,ok,
real,LA/ASVspoof2019_LA_dev/flac/LA_D_9706957.flac,C:\Users\91807\sih\ai_voice_detector\data\real\LA_D_9706957.wav,ok,
fake,LA/ASVspoof2019_LA_dev/flac/LA_D_2933367.flac,C:\Users\91807\sih\ai_voice_detector\data\fake\LA_D_2933367.wav,ok,
real,LA/ASVspoof2019_LA_dev/flac/LA_D_2190620.flac,C:\Users\91807\sih\ai_voice_detector\data\real\LA_D_2190620.wav,ok,
fake,LA/ASVspoof2019_LA_dev/flac/LA_D_9448997.flac,C:\Users\91807\sih\ai_voice_detector\data\fake\LA_D_9448997.wav,ok,
fake,LA/ASVspoof2019_LA_dev/flac/LA_D_3571998.flac,C:\Users\91807\sih\ai_voice_detector\data\fake\LA_D_3571998.wav,ok,
fake,LA/ASVspoof2019_LA_dev/flac/LA_D_6146678.flac,C:\Users\91807\sih\ai_voice_detector\data\fake\LA_D_6146678.wav,ok,
real,LA/ASVspoof2019_LA_dev/flac/LA_D_7073625.flac,C:\Users\91807\sih\ai_voice_detector\data\real\LA_D_7073625.wav,ok,
real,LA/ASVspoof2019_LA_dev/flac/LA_D_8440843.flac,C:\Users\91807\sih\ai_voice_detector\data\real\LA_D_8440843.wav,ok,
real,LA/ASVspoof2019_LA_dev/flac/LA_D_3556377.flac,C:\Users\91807\sih\ai_voice_detector\data\real\LA_D_3556377.wav,ok,
fake,LA/ASVspoof2019_LA_dev/flac/LA_D_7129621.flac,C:\Users\91807\sih\ai_voice_detector\data\fake\LA_D_7129621.wav,ok,
fake,LA/ASVspoof2019_LA_dev/flac/LA_D_6275031.flac,C:\Users\91807\sih\ai_voice_detector\data\fake\LA_D_6275031.wav,ok,
fake,LA/ASVspoof2019_LA_dev/flac/LA_D_7586380.flac,C:\Users\91807\sih\ai_voice_detector\data\fake\LA_D_7586380.wav,ok,
fake,LA/ASVspoof2019_LA_dev/flac/LA_D_6153665.flac,C:\Users\91807\sih\ai_voice_detector\data\fake\LA_D_6153665.wav,ok,
real,LA/ASVspoof2019_LA_dev/flac/LA_D_3553954.flac,C:\Users\91807\sih\ai_voice_detector\data\real\LA_D_3553954.wav,ok,
real,LA/ASVspoof2019_LA_dev/flac/LA_D_5451679.flac,C:\Users\91807\sih\ai_voice_detector\data\real\LA_D_5451679.wav,ok,
fake,LA/ASVspoof2019_LA_dev/flac/LA_D_3440841.flac,C:\Users\91807\sih\ai_voice_detector\data\fake\LA_D_3440841.wav,ok,
fake,LA/ASVspoof2019_LA_dev/flac/LA_D_5736694.flac,C:\Users\91807\sih\ai_voice_detector\data\fake\LA_D_5736694.wav,ok,
real,LA/ASVspoof2019_LA_dev/flac/LA_D_2630434.flac,C:\Users\91807\sih\ai_voice_detector\data\real\LA_D_2630434.wav,ok,
fake,LA/ASVspoof2019_LA_dev/flac/LA_D_9101643.flac,C:\Users\91807\sih\ai_voice_detector\data\fake\LA_D_9101643.wav,ok,
fake,LA/ASVspoof2019_LA_dev/flac/LA_D_8296140.flac,C:\Users\91807\sih\ai_voice_detector\data\fake\LA_D_8296140.wav,ok,
real,LA/ASVspoof2019_LA_dev/flac/LA_D_2824820.flac,C:\Users\91807\sih\ai_voice_detector\data\real\LA_D_2824820.wav,ok,
fake,LA/ASVspoof2019_LA_dev/flac/LA_D_4657107.flac,C:\Users\91807\sih\ai_voice_detector\data\fake\LA_D_4657107.wav,ok,
fake,LA/ASVspoof2019_LA_dev/flac/LA_D_7870172.flac,C:\Users\91807\sih\ai_voice_detector\data\fake\LA_D_7870172.wav,ok,
real,LA/ASVspoof2019_LA_dev/flac/LA_D_8006035.flac,C:\Users\91807\sih\ai_voice_detector\data\real\LA_D_8006035.wav,ok,
fake,LA/ASVspoof2019_LA_dev/flac/LA_D_9378704.flac,C:\Users\91807\sih\ai_voice_detector\data\fake\LA_D_9378704.wav,ok,
fake,LA/ASVspoof2019_LA_dev/flac/LA_D_3045712.flac,C:\Users\91807\sih\ai_voice_detector\data\fake\LA_D_3045712.wav,ok,
real,LA/ASVspoof2019_LA_dev/flac/LA_D_9316963.flac,C:\Users\91807\sih\ai_voice_detector\data\real\LA_D_9316963.wav,ok,
fake,LA/ASVspoof2019_LA_dev/flac/LA_D_6603047.flac,C:\Users\91807\sih\ai_voice_detector\data\fake\LA_D_6603047.wav,ok,
real,LA/ASVspoof2019_LA_dev/flac/LA_D_9992816.flac,C:\Users\91807\sih\ai_voice_detector\data\real\LA_D_9992816.wav,ok,
fake,LA/ASVspoof2019_LA_dev/flac/LA_D_4835906.flac,C:\Users\91807\sih\ai_voice_detector\data\fake\LA_D_4835906.wav,ok,
fake,LA/ASVspoof2019_LA_dev/flac/LA_D_4231438.flac,C:\Users\91807\sih\ai_voice_detector\data\fake\LA_D_4231438.wav,ok,
real,LA/ASVspoof2019_LA_dev/flac/LA_D_1438615.flac,C:\Users\91807\sih\ai_voice_detector\data\real\LA_D_1438615.wav,ok,
real,LA/ASVspoof2019_LA_dev/flac/LA_D_4129574.flac,C:\Users\91807\sih\ai_voice_detector\data\real\LA_D_4129574.wav,ok,
real,LA/ASVspoof2019_LA_dev/flac/LA_D_1959657.flac,C:\Users\91807\sih\ai_voice_detector\data\real\LA_D_1959657.wav,ok,
fake,LA/ASVspoof2019_LA_dev/flac/LA_D_6530873.flac,C:\Users\91807\sih\ai_voice_detector\data\fake\LA_D_6530873.wav,ok,
real,LA/ASVspoof2019_LA_dev/flac/LA_D_9284682.flac,C:\Users\91807\sih\ai_voice_detector\data\real\LA_D_9284682.wav,ok,
fake,LA/ASVspoof2019_LA_dev/flac/LA_D_6047115.flac,C:\Users\91807\sih\ai_voice_detector\data\fake\LA_D_6047115.wav,ok,
real,LA/ASVspoof2019_LA_dev/flac/LA_D_1105538.flac,C:\Users\91807\sih\ai_voice_detector\data\real\LA_D_1105538.wav,ok,
fake,LA/ASVspoof2019_LA_dev/flac/LA_D_4060882.flac,C:\Users\91807\sih\ai_voice_detector\data\fake\LA_D_4060882.wav,ok,
real,LA/ASVspoof2019_LA_dev/flac/LA_D_4882695.flac,C:\Users\91807\sih\ai_voice_detector\data\real\LA_D_4882695.wav,ok,
real,LA/ASVspoof2019_LA_dev/flac/LA_D_6027798.flac,C:\Users\91807\sih\ai_voice_detector\data\real\LA_D_6027798.wav,ok,
fake,LA/ASVspoof2019_LA_dev/flac/LA_D_5407666.flac,C:\Users\91807\sih\ai_voice_detector\data\fake\LA_D_5407666.wav,ok,
fake,LA/ASVspoof2019_LA_dev/flac/LA_D_6935657.flac,C:\Users\91807\sih\ai_voice_detector\data\fake\LA_D_6935657.wav,ok,
fake,LA/ASVspoof2019_LA_dev/flac/LA_D_9796040.flac,C:\Users\91807\sih\ai_voice_detector\data\fake\LA_D_9796040.wav,ok,
fake,LA/ASVspoof2019_LA_dev/flac/LA_D_4846035.flac,C:\Users\91807\sih\ai_voice_detector\data\fake\LA_D_4846035.wav,ok,
real,LA/ASVspoof2019_LA_dev/flac/LA_D_7870160.flac,C:\Users\91807\sih\ai_voice_detector\data\real\LA_D_7870160.wav,ok,
real,LA/ASVspoof2019_LA_dev/flac/LA_D_6663247.flac,C:\Users\91807\sih\ai_voice_detector\data\real\LA_D_6663247.wav,ok,
real,LA/ASVspoof2019_LA_dev/flac/LA_D_7292143.flac,C:\Users\91807\sih\ai_voice_detector\data\real\LA_D_7292143.wav,ok,
real,LA/ASVspoof2019_LA_dev/flac/LA_D_8778186.flac,C:\Users\91807\sih\ai_voice_detector\data\real\LA_D_8778186.wav,ok,
fake,LA/ASVspoof2019_LA_dev/flac/LA_D_2098426.flac,C:\Users\91807\sih\ai_voice_detector\data\fake\LA_D_2098426.wav,ok,
real,LA/ASVspoof2019_LA_dev/flac/LA_D_1101351.flac,C:\Users\91807\sih\ai_voice_detector\data\real\LA_D_1101351.wav,ok,
real,LA/ASVspoof2019_LA_dev/flac/LA_D_7054977.flac,C:\Users\91807\sih\ai_voice_detector\data\real\LA_D_7054977.wav,ok,
real,LA/ASVspoof2019_LA_dev/flac/LA_D_7701126.flac,C:\Users\91807\sih\ai_voice_detector\data\real\LA_D_7701126.wav,ok,
real,LA/ASVspoof2019_LA_dev/flac/LA_D_4799779.flac,C:\Users\91807\sih\ai_voice_detector\data\real\LA_D_4799779.wav,ok,
fake,LA/ASVspoof2019_LA_dev/flac/LA_D_1092890.flac,C:\Users\91807\sih\ai_voice_detector\data\fake\LA_D_1092890.wav,ok,
real,LA/ASVspoof2019_LA_dev/flac/LA_D_5758976.flac,C:\Users\91807\sih\ai_voice_detector\data\real\LA_D_5758976.wav,ok,
fake,LA/ASVspoof2019_LA_dev/flac/LA_D_1913471.flac,C:\Users\91807\sih\ai_voice_detector\data\fake\LA_D_1913471.wav,ok,
real,LA/ASVspoof2019_LA_dev/flac/LA_D_8543859.flac,C:\Users\91807\sih\ai_voice_detector\data\real\LA_D_8543859.wav,ok,
real,LA/ASVspoof2019_LA_dev/flac/LA_D_3765509.flac,C:\Users\91807\sih\ai_voice_detector\data\real\LA_D_3765509.wav,ok,
real,LA/ASVspoof2019_LA_dev/flac/LA_D_2436364.flac,C:\Users\91807\sih\ai_voice_detector\data\real\LA_D_2436364.wav,ok,
real,LA/ASVspoof2019_LA_dev/flac/LA_D_3891416.flac,C:\Users\91807\sih\ai_voice_detector\data\real\LA_D_3891416.wav,ok,
fake,LA/ASVspoof2019_LA_dev/flac/LA_D_8195070.flac,C:\Users\91807\sih\ai_voice_detector\data\fake\LA_D_8195070.wav,ok,
real,LA/ASVspoof2019_LA_dev/flac/LA_D_4878438.flac,C:\Users\91807\sih\ai_voice_detector\data\real\LA_D_4878438.wav,ok,
fake,LA/ASVspoof2019_LA_dev/flac/LA_D_5476324.flac,C:\Users\91807\sih\ai_voice_detector\data\fake\LA_D_5476324.wav,ok,
fake,LA/ASVspoof2019_LA_dev/flac/LA_D_1307115.flac,C:\Users\91807\sih\ai_voice_detector\data\fake\LA_D_1307115.wav,ok,
real,LA/ASVspoof2019_LA_dev/flac/LA_D_6064218.flac,C:\Users\91807\sih\ai_voice_detector\data\real\LA_D_6064218.wav,ok,
fake,LA/ASVspoof2019_LA_dev/flac/LA_D_2705075.flac,C:\Users\91807\sih\ai_voice_detector\data\fake\LA_D_2705075.wav,ok,
real,LA/ASVspoof2019_LA_dev/flac/LA_D_7700830.flac,C:\Users\91807\sih\ai_voice_detector\data\real\LA_D_7700830.wav,ok,
real,LA/ASVspoof2019_LA_dev/flac/LA_D_3607289.flac,C:\Users\91807\sih\ai_voice_detector\data\real\LA_D_3607289.wav,ok,
fake,LA/ASVspoof2019_LA_dev/flac/LA_D_9178575.flac,C:\Users\91807\sih\ai_voice_detector\data\fake\LA_D_9178575.wav,ok,
real,LA/ASVspoof2019_LA_dev/flac/LA_D_6749976.flac,C:\Users\91807\sih\ai_voice_detector\data\real\LA_D_6749976.wav,ok,
real,LA/ASVspoof2019_LA_dev/flac/LA_D_8463557.flac,C:\Users\91807\sih\ai_voice_detector\data\real\LA_D_8463557.wav,ok,
real,LA/ASVspoof2019_LA_dev/flac/LA_D_6549159.flac,C:\Users\91807\sih\ai_voice_detector\data\real\LA_D_6549159.wav,ok,
fake,LA/ASVspoof2019_LA_dev/flac/LA_D_2879814.flac,C:\Users\91807\sih\ai_voice_detector\data\fake\LA_D_2879814.wav,ok,
fake,LA/ASVspoof2019_LA_dev/flac/LA_D_8034675.flac,C:\Users\91807\sih\ai_voice_detector\data\fake\LA_D_8034675.wav,ok,
real,LA/ASVspoof2019_LA_dev/flac/LA_D_4016003.flac,C:\Users\91807\sih\ai_voice_detector\data\real\LA_D_4016003.wav,ok,
real,LA/ASVspoof2019_LA_dev/flac/LA_D_5604212.flac,C:\Users\91807\sih\ai_voice_detector\data\real\LA_D_5604212.wav,ok,
real,LA/ASVspoof2019_LA_dev/flac/LA_D_9877194.flac,C:\Users\91807\sih\ai_voice_detector\data\real\LA_D_9877194.wav,ok,
fake,LA/ASVspoof2019_LA_dev/flac/LA_D_5031733.flac,C:\Users\91807\sih\ai_voice_detector\data\fake\LA_D_5031733.wav,ok,
fake,LA/ASVspoof2019_LA_dev/flac/LA_D_4748289.flac,C:\Users\91807\sih\ai_voice_detector\data\fake\LA_D_4748289.wav,ok,
real,LA/ASVspoof2019_LA_dev/flac/LA_D_1739595.flac,C:\Users\91807\sih\ai_voice_detector\data\real\LA_D_1739595.wav,ok,
real,LA/ASVspoof2019_LA_dev/flac/LA_D_3941447.flac,C:\Users\91807\sih\ai_voice_detector\data\real\LA_D_3941447.wav,ok,
real,LA/ASVspoof2019_LA_dev/flac/LA_D_8692948.flac,C:\Users\91807\sih\ai_voice_detector\data\real\LA_D_8692948.wav,ok,
real,LA/ASVspoof2019_LA_dev/flac/LA_D_5175785.flac,C:\Users\91807\sih\ai_voice_detector\data\real\LA_D_5175785.wav,ok,
fake,LA/ASVspoof2019_LA_dev/flac/LA_D_1743186.flac,C:\Users\91807\sih\ai_voice_detector\data\fake\LA_D_1743186.wav,ok,
real,LA/ASVspoof2019_LA_dev/flac/LA_D_1481057.flac,C:\Users\91807\sih\ai_voice_detector\data\real\LA_D_1481057.wav,ok,
real,LA/ASVspoof2019_LA_dev/flac/LA_D_7150561.flac,C:\Users\91807\sih\ai_voice_detector\data\real\LA_D_7150561.wav,ok,
fake,LA/ASVspoof2019_LA_dev/flac/LA_D_6320084.flac,C:\Users\91807\sih\ai_voice_detector\data\fake\LA_D_6320084.wav,ok,
real,LA/ASVspoof2019_LA_dev/flac/LA_D_6043078.flac,C:\Users\91807\sih\ai_voice_detector\data\real\LA_D_6043078.wav,ok,
real,LA/ASVspoof2019_LA_dev/flac/LA_D_1837988.flac,C:\Users\91807\sih\ai_voice_detector\data\real\LA_D_1837988.wav,ok,
real,LA/ASVspoof2019_LA_dev/flac/LA_D_9064936.flac,C:\Users\91807\sih\ai_voice_detector\data\real\LA_D_9064936.wav,ok,
fake,LA/ASVspoof2019_LA_dev/flac/LA_D_6151774.flac,C:\Users\91807\sih\ai_voice_detector\data\fake\LA_D_6151774.wav,ok,
fake,LA/ASVspoof2019_LA_dev/flac/LA_D_2325585.flac,C:\Users\91807\sih\ai_voice_detector\data\fake\LA_D_2325585.wav,ok,
fake,LA/ASVspoof2019_LA_dev/flac/LA_D_7964973.flac,C:\Users\91807\sih\ai_voice_detector\data\fake\LA_D_7964973.wav,ok,
real,LA/ASVspoof2019_LA_dev/flac/LA_D_4771667.flac,C:\Users\91807\sih\ai_voice_detector\data\real\LA_D_4771667.wav,ok,
fake,LA/ASVspoof2019_LA_dev/flac/LA_D_8131749.flac,C:\Users\91807\sih\ai_voice_detector\data\fake\LA_D_8131749.wav,ok,
real,LA/ASVspoof2019_LA_dev/flac/LA_D_2844885.flac,C:\Users\91807\sih\ai_voice_detector\data\real\LA_D_2844885.wav,ok,
fake,LA/ASVspoof2019_LA_dev/flac/LA_D_9351920.flac,C:\Users\91807\sih\ai_voice_detector\data\fake\LA_D_9351920.wav,ok,
fake,LA/ASVspoof2019_LA_dev/flac/LA_D_7511640.flac,C:\Users\91807\sih\ai_voice_detector\data\fake\LA_D_7511640.wav,ok,
real,LA/ASVspoof2019_LA_dev/flac/LA_D_4166346.flac,C:\Users\91807\sih\ai_voice_detector\data\real\LA_D_4166346.wav,ok,
real,LA/ASVspoof2019_LA_dev/flac/LA_D_9093882.flac,C:\Users\91807\sih\ai_voice_detector\data\real\LA_D_9093882.wav,ok,
fake,LA/ASVspoof2019_LA_dev/flac/LA_D_2393554.flac,C:\Users\91807\sih\ai_voice_detector\data\fake\LA_D_2393554.wav,ok,
real,LA/ASVspoof2019_LA_dev/flac/LA_D_6137766.flac,C:\Users\91807\sih\ai_voice_detector\data\real\LA_D_6137766.wav,ok,
real,LA/ASVspoof2019_LA_dev/flac/LA_D_3555645.flac,C:\Users\91807\sih\ai_voice_detector\data\real\LA_D_3555645.wav,ok,
fake,LA/ASVspoof2019_LA_dev/flac/LA_D_2460010.flac,C:\Users\91807\sih\ai_voice_detector\data\fake\LA_D_2460010.wav,ok,
real,LA/ASVspoof2019_LA_dev/flac/LA_D_1133069.flac,C:\Users\91807\sih\ai_voice_detector\data\real\LA_D_1133069.wav,ok,
real,LA/ASVspoof2019_LA_dev/flac/LA_D_2462911.flac,C:\Users\91807\sih\ai_voice_detector\data\real\LA_D_2462911.wav,ok,
fake,LA/ASVspoof2019_LA_dev/flac/LA_D_1062960.flac,C:\Users\91807\sih\ai_voice_detector\data\fake\LA_D_1062960.wav,ok,
real,LA/ASVspoof2019_LA_dev/flac/LA_D_1766721.flac,C:\Users\91807\sih\ai_voice_detector\data\real\LA_D_1766721.wav,ok,
real,LA/ASVspoof2019_LA_dev/flac/LA_D_4159059.flac,C:\Users\91807\sih\ai_voice_detector\data\real\LA_D_4159059.wav,ok,
real,LA/ASVspoof2019_LA_dev/flac/LA_D_7002192.flac,C:\Users\91807\sih\ai_voice_detector\data\real\LA_D_7002192.wav,ok,
real,LA/ASVspoof2019_LA_dev/flac/LA_D_5679718.flac,C:\Users\91807\sih\ai_voice_detector\data\real\LA_D_5679718.wav,ok,
fake,LA/ASVspoof2019_LA_dev/flac/LA_D_6890535.flac,C:\Users\91807\sih\ai_voice_detector\data\fake\LA_D_6890535.wav,ok,
real,LA/ASVspoof2019_LA_dev/flac/LA_D_6785500.flac,C:\Users\91807\sih\ai_voice_detector\data\real\LA_D_6785500.wav,ok,
real,LA/ASVspoof2019_LA_dev/flac/LA_D_5796246.flac,C:\Users\91807\sih\ai_voice_detector\data\real\LA_D_5796246.wav,ok,
real,LA/ASVspoof2019_LA_dev/flac/LA_D_1125976.flac,C:\Users\91807\sih\ai_voice_detector\data\real\LA_D_1125976.wav,ok,
fake,LA/ASVspoof2019_LA_dev/flac/LA_D_7745862.flac,C:\Users\91807\sih\ai_voice_detector\data\fake\LA_D_7745862.wav,ok,
real,LA/ASVspoof2019_LA_dev/flac/LA_D_3074985.flac,C:\Users\91807\sih\ai_voice_detector\data\real\LA_D_3074985.wav,ok,
real,LA/ASVspoof2019_LA_dev/flac/LA_D_5809254.flac,C:\Users\91807\sih\ai_voice_detector\data\real\LA_D_5809254.wav,ok,
fake,LA/ASVspoof2019_LA_dev/flac/LA_D_3978913.flac,C:\Users\91807\sih\ai_voice_detector\data\fake\LA_D_3978913.wav,ok,
fake,LA/ASVspoof2019_LA_dev/flac/LA_D_1903703.flac,C:\Users\91807\sih\ai_voice_detector\data\fake\LA_D_1903703.wav,ok,
fake,LA/ASVspoof2019_LA_dev/flac/LA_D_5646947.flac,C:\Users\91807\sih\ai_voice_detector\data\fake\LA_D_5646947.wav,ok,
real,LA/ASVspoof2019_LA_dev/flac/LA_D_9299686.flac,C:\Users\91807\sih\ai_voice_detector\data\real\LA_D_9299686.wav,ok,
real,LA/ASVspoof2019_LA_dev/flac/LA_D_3025684.flac,C:\Users\91807\sih\ai_voice_detector\data\real\LA_D_3025684.wav,ok,
real,LA/ASVspoof2019_LA_dev/flac/LA_D_8190929.flac,C:\Users\91807\sih\ai_voice_detector\data\real\LA_D_8190929.wav,ok,
fake,LA/ASVspoof2019_LA_dev/flac/LA_D_1677100.flac,C:\Users\91807\sih\ai_voice_detector\data\fake\LA_D_1677100.wav,ok,
fake,LA/ASVspoof2019_LA_dev/flac/LA_D_9755038.flac,C:\Users\91807\sih\ai_voice_detector\data\fake\LA_D_9755038.wav,ok,
fake,LA/ASVspoof2019_LA_dev/flac/LA_D_6450264.flac,C:\Users\91807\sih\ai_voice_detector\data\fake\LA_D_6450264.wav,ok,
real,LA/ASVspoof2019_LA_dev/flac/LA_D_9441585.flac,C:\Users\91807\sih\ai_voice_detector\data\real\LA_D_9441585.wav,ok,
fake,LA/ASVspoof2019_LA_dev/flac/LA_D_2049473.flac,C:\Users\91807\sih\ai_voice_detector\data\fake\LA_D_2049473.wav,ok,
fake,LA/ASVspoof2019_LA_dev/flac/LA_D_1035630.flac,C:\Users\91807\sih\ai_voice_detector\data\fake\LA_D_1035630.wav,ok,
real,LA/ASVspoof2019_LA_dev/flac/LA_D_4574058.flac,C:\Users\91807\sih\ai_voice_detector\data\real\LA_D_4574058.wav,ok,
fake,LA/ASVspoof2019_LA_dev/flac/LA_D_9686921.flac,C:\Users\91807\sih\ai_voice_detector\data\fake\LA_D_9686921.wav,ok,
fake,LA/ASVspoof2019_LA_dev/flac/LA_D_2263827.flac,C:\Users\91807\sih\ai_voice_detector\data\fake\LA_D_2263827.wav,ok,
fake,LA/ASVspoof2019_LA_dev/flac/LA_D_4240572.flac,C:\Users\91807\sih\ai_voice_detector\data\fake\LA_D_4240572.wav,ok,
real,LA/ASVspoof2019_LA_dev/flac/LA_D_6138839.flac,C:\Users\91807\sih\ai_voice_detector\data\real\LA_D_6138839.wav,ok,
real,LA/ASVspoof2019_LA_dev/flac/LA_D_1823771.flac,C:\Users\91807\sih\ai_voice_detector\data\real\LA_D_1823771.wav,ok,
real,LA/ASVspoof2019_LA_dev/flac/LA_D_7021117.flac,C:\Users\91807\sih\ai_voice_detector\data\real\LA_D_7021117.wav,ok,
real,LA/ASVspoof2019_LA_dev/flac/LA_D_5158638.flac,C:\Users\91807\sih\ai_voice_detector\data\real\LA_D_5158638.wav,ok,
fake,LA/ASVspoof2019_LA_dev/flac/LA_D_9125753.flac,C:\Users\91807\sih\ai_voice_detector\data\fake\LA_D_9125753.wav,ok,
real,LA/ASVspoof2019_LA_dev/flac/LA_D_4661324.flac,C:\Users\91807\sih\ai_voice_detector\data\real\LA_D_4661324.wav,ok,
real,LA/ASVspoof2019_LA_dev/flac/LA_D_1659462.flac,C:\Users\91807\sih\ai_voice_detector\data\real\LA_D_1659462.wav,ok,
fake,LA/ASVspoof2019_LA_dev/flac/LA_D_4648882.flac,C:\Users\91807\sih\ai_voice_detector\data\fake\LA_D_4648882.wav,ok,
fake,LA/ASVspoof2019_LA_dev/flac/LA_D_9286223.flac,C:\Users\91807\sih\ai_voice_detector\data\fake\LA_D_9286223.wav,ok,
fake,LA/ASVspoof2019_LA_dev/flac/LA_D_3425732.flac,C:\Users\91807\sih\ai_voice_detector\data\fake\LA_D_3425732.wav,ok,
fake,LA/ASVspoof2019_LA_dev/flac/LA_D_7205018.flac,C:\Users\91807\sih\ai_voice_detector\data\fake\LA_D_7205018.wav,ok,
fake,LA/ASVspoof2019_LA_dev/flac/LA_D_1162280.flac,C:\Users\91807\sih\ai_voice_detector\data\fake\LA_D_1162280.wav,ok,
fake,LA/ASVspoof2019_LA_dev/flac/LA_D_5079558.flac,C:\Users\91807\sih\ai_voice_detector\data\fake\LA_D_5079558.wav,ok,
real,LA/ASVspoof2019_LA_dev/flac/LA_D_8726343.flac,C:\Users\91807\sih\ai_voice_detector\data\real\LA_D_8726343.wav,ok,
fake,LA/ASVspoof2019_LA_dev/flac/LA_D_5937369.flac,C:\Users\91807\sih\ai_voice_detector\data\fake\LA_D_5937369.wav,ok,
fake,LA/ASVspoof2019_LA_dev/flac/LA_D_9274003.flac,C:\Users\91807\sih\ai_voice_detector\data\fake\LA_D_9274003.wav,ok,
real,LA/ASVspoof2019_LA_dev/flac/LA_D_3548515.flac,C:\Users\91807\sih\ai_voice_detector\data\real\LA_D_3548515.wav,ok,
fake,LA/ASVspoof2019_LA_dev/flac/LA_D_2553522.flac,C:\Users\91807\sih\ai_voice_detector\data\fake\LA_D_2553522.wav,ok,
fake,LA/ASVspoof2019_LA_dev/flac/LA_D_2628592.flac,C:\Users\91807\sih\ai_voice_detector\data\fake\LA_D_2628592.wav,ok,
real,LA/ASVspoof2019_LA_dev/flac/LA_D_8288732.flac,C:\Users\91807\sih\ai_voice_detector\data\real\LA_D_8288732.wav,ok,
real,LA/ASVspoof2019_LA_dev/flac/LA_D_8289522.flac,C:\Users\91807\sih\ai_voice_detector\data\real\LA_D_8289522.wav,ok,
fake,LA/ASVspoof2019_LA_dev/flac/LA_D_6843783.flac,C:\Users\91807\sih\ai_voice_detector\data\fake\LA_D_6843783.wav,ok,
real,LA/ASVspoof2019_LA_dev/flac/LA_D_9996570.flac,C:\Users\91807\sih\ai_voice_detector\data\real\LA_D_9996570.wav,ok,
real,LA/ASVspoof2019_LA_dev/flac/LA_D_4708413.flac,C:\Users\91807\sih\ai_voice_detector\data\real\LA_D_4708413.wav,ok,
fake,LA/ASVspoof2019_LA_dev/flac/LA_D_4453838.flac,C:\Users\91807\sih\ai_voice_detector\data\fake\LA_D_4453838.wav,ok,
real,LA/ASVspoof2019_LA_dev/flac/LA_D_5226379.flac,C:\Users\91807\sih\ai_voice_detector\data\real\LA_D_5226379.wav,ok,
fake,LA/ASVspoof2019_LA_dev/flac/LA_D_1924724.flac,C:\Users\91807\sih\ai_voice_detector\data\fake\LA_D_1924724.wav,ok,
fake,LA/ASVspoof2019_LA_dev/flac/LA_D_3397300.flac,C:\Users\91807\sih\ai_voice_detector\data\fake\LA_D_3397300.wav,ok,
real,LA/ASVspoof2019_LA_dev/flac/LA_D_7757579.flac,C:\Users\91807\sih\ai_voice_detector\data\real\LA_D_7757579.wav,ok,
fake,LA/ASVspoof2019_LA_dev/flac/LA_D_2199197.flac,C:\Users\91807\sih\ai_voice_detector\data\fake\LA_D_2199197.wav,ok,
fake,LA/ASVspoof2019_LA_dev/flac/LA_D_3945227.flac,C:\Users\91807\sih\ai_voice_detector\data\fake\LA_D_3945227.wav,ok,
fake,LA/ASVspoof2019_LA_dev/flac/LA_D_8853078.flac,C:\Users\91807\sih\ai_voice_detector\data\fake\LA_D_8853078.wav,ok,
real,LA/ASVspoof2019_LA_dev/flac/LA_D_4530450.flac,C:\Users\91807\sih\ai_voice_detector\data\real\LA_D_4530450.wav,ok,
real,LA/ASVspoof2019_LA_dev/flac/LA_D_6303389.flac,C:\Users\91807\sih\ai_voice_detector\data\real\LA_D_6303389.wav,ok,
real,LA/ASVspoof2019_LA_dev/flac/LA_D_6197289.flac,C:\Users\91807\sih\ai_voice_detector\data\real\LA_D_6197289.wav,ok,
fake,LA/ASVspoof2019_LA_dev/flac/LA_D_1925258.flac,C:\Users\91807\sih\ai_voice_detector\data\fake\LA_D_1925258.wav,ok,
real,LA/ASVspoof2019_LA_dev/flac/LA_D_5026692.flac,C:\Users\91807\sih\ai_voice_detector\data\real\LA_D_5026692.wav,ok,
real,LA/ASVspoof2019_LA_dev/flac/LA_D_3131236.flac,C:\Users\91807\sih\ai_voice_detector\data\real\LA_D_3131236.wav,ok,
real,LA/ASVspoof2019_LA_dev/flac/LA_D_1056044.flac,C:\Users\91807\sih\ai_voice_detector\data\real\LA_D_1056044.wav,ok,
fake,LA/ASVspoof2019_LA_dev/flac/LA_D_9864384.flac,C:\Users\91807\sih\ai_voice_detector\data\fake\LA_D_9864384.wav,ok,
real,LA/ASVspoof2019_LA_dev/flac/LA_D_6288751.flac,C:\Users\91807\sih\ai_voice_detector\data\real\LA_D_6288751.wav,ok,
real,LA/ASVspoof2019_LA_dev/flac/LA_D_9954386.flac,C:\Users\91807\sih\ai_voice_detector\data\real\LA_D_9954386.wav,ok,
real,LA/ASVspoof2019_LA_dev/flac/LA_D_9841868.flac,C:\Users\91807\sih\ai_voice_detector\data\real\LA_D_9841868.wav,ok,
fake,LA/ASVspoof2019_LA_dev/flac/LA_D_9787469.flac,C:\Users\91807\sih\ai_voice_detector\data\fake\LA_D_9787469.wav,ok,
fake,LA/ASVspoof2019_LA_dev/flac/LA_D_9000440.flac,C:\Users\91807\sih\ai_voice_detector\data\fake\LA_D_9000440.wav,ok,
fake,LA/ASVspoof2019_LA_dev/flac/LA_D_2037976.flac,C:\Users\91807\sih\ai_voice_detector\data\fake\LA_D_2037976.wav,ok,
fake,LA/ASVspoof2019_LA_dev/flac/LA_D_8726450.flac,C:\Users\91807\sih\ai_voice_detector\data\fake\LA_D_8726450.wav,ok,
real,LA/ASVspoof2019_LA_dev/flac/LA_D_2731741.flac,C:\Users\91807\sih\ai_voice_detector\data\real\LA_D_2731741.wav,ok,
fake,LA/ASVspoof2019_LA_dev/flac/LA_D_7684818.flac,C:\Users\91807\sih\ai_voice_detector\data\fake\LA_D_7684818.wav,ok,
fake,LA/ASVspoof2019_LA_dev/flac/LA_D_1279699.flac,C:\Users\91807\sih\ai_voice_detector\data\fake\LA_D_1279699.wav,ok,
fake,LA/ASVspoof2019_LA_dev/flac/LA_D_4359484.flac,C:\Users\91807\sih\ai_voice_detector\data\fake\LA_D_4359484.wav,ok,
fake,LA/ASVspoof2019_LA_dev/flac/LA_D_5205569.flac,C:\Users\91807\sih\ai_voice_detector\data\fake\LA_D_5205569.wav,ok,
fake,LA/ASVspoof2019_LA_dev/flac/LA_D_4678659.flac,C:\Users\91807\sih\ai_voice_detector\data\fake\LA_D_4678659.wav,ok,
fake,LA/ASVspoof2019_LA_dev/flac/LA_D_7019901.flac,C:\Users\91807\sih\ai_voice_detector\data\fake\LA_D_7019901.wav,ok,
real,LA/ASVspoof2019_LA_dev/flac/LA_D_7234581.flac,C:\Users\91807\sih\ai_voice_detector\data\real\LA_D_7234581.wav,ok,
real,LA/ASVspoof2019_LA_dev/flac/LA_D_4440923.flac,C:\Users\91807\sih\ai_voice_detector\data\real\LA_D_4440923.wav,ok,
fake,LA/ASVspoof2019_LA_dev/flac/LA_D_6913174.flac,C:\Users\91807\sih\ai_voice_detector\data\fake\LA_D_6913174.wav,ok,
real,LA/ASVspoof2019_LA_dev/flac/LA_D_7484152.flac,C:\Users\91807\sih\ai_voice_detector\data\real\LA_D_7484152.wav,ok,
fake,LA/ASVspoof2019_LA_dev/flac/LA_D_7500473.flac,C:\Users\91807\sih\ai_voice_detector\data\fake\LA_D_7500473.wav,ok,
fake,LA/ASVspoof2019_LA_dev/flac/LA_D_1886121.flac,C:\Users\91807\sih\ai_voice_detector\data\fake\LA_D_1886121.wav,ok,
fake,LA/ASVspoof2019_LA_dev/flac/LA_D_9344459.flac,C:\Users\91807\sih\ai_voice_detector\data\fake\LA_D_9344459.wav,ok,
real,LA/ASVspoof2019_LA_dev/flac/LA_D_1424876.flac,C:\Users\91807\sih\ai_voice_detector\data\real\LA_D_1424876.wav,ok,
fake,LA/ASVspoof2019_LA_dev/flac/LA_D_7638298.flac,C:\Users\91807\sih\ai_voice_detector\data\fake\LA_D_7638298.wav,ok,
real,LA/ASVspoof2019_LA_dev/flac/LA_D_5135042.flac,C:\Users\91807\sih\ai_voice_detector\data\real\LA_D_5135042.wav,ok,
real,LA/ASVspoof2019_LA_dev/flac/LA_D_4350271.flac,C:\Users\91807\sih\ai_voice_detector\data\real\LA_D_4350271.wav,ok,
real,LA/ASVspoof2019_LA_dev/flac/LA_D_9502258.flac,C:\Users\91807\sih\ai_voice_detector\data\real\LA_D_9502258.wav,ok,
fake,LA/ASVspoof2019_LA_dev/flac/LA_D_5652919.flac,C:\Users\91807\sih\ai_voice_detector\data\fake\LA_D_5652919.wav,ok,
real,LA/ASVspoof2019_LA_dev/flac/LA_D_4339997.flac,C:\Users\91807\sih\ai_voice_detector\data\real\LA_D_4339997.wav,ok,
fake,LA/ASVspoof2019_LA_dev/flac/LA_D_2225615.flac,C:\Users\91807\sih\ai_voice_detector\data\fake\LA_D_2225615.wav,ok,
real,LA/ASVspoof2019_LA_dev/flac/LA_D_3029513.flac,C:\Users\91807\sih\ai_voice_detector\data\real\LA_D_3029513.wav,ok,
fake,LA/ASVspoof2019_LA_dev/flac/LA_D_3124864.flac,C:\Users\91807\sih\ai_voice_detector\data\fake\LA_D_3124864.wav,ok,
fake,LA/ASVspoof2019_LA_dev/flac/LA_D_1840901.flac,C:\Users\91807\sih\ai_voice_detector\data\fake\LA_D_1840901.wav,ok,
fake,LA/ASVspoof2019_LA_dev/flac/LA_D_3010628.flac,C:\Users\91807\sih\ai_voice_detector\data\fake\LA_D_3010628.wav,ok,
real,LA/ASVspoof2019_LA_dev/flac/LA_D_7561369.flac,C:\Users\91807\sih\ai_voice_detector\data\real\LA_D_7561369.wav,ok,
real,LA/ASVspoof2019_LA_dev/flac/LA_D_2559281.flac,C:\Users\91807\sih\ai_voice_detector\data\real\LA_D_2559281.wav,ok,
real,LA/ASVspoof2019_LA_dev/flac/LA_D_8342132.flac,C:\Users\91807\sih\ai_voice_detector\data\real\LA_D_8342132.wav,ok,
real,LA/ASVspoof2019_LA_dev/flac/LA_D_8863378.flac,C:\Users\91807\sih\ai_voice_detector\data\real\LA_D_8863378.wav,ok,
fake,LA/ASVspoof2019_LA_dev/flac/LA_D_8942534.flac,C:\Users\91807\sih\ai_voice_detector\data\fake\LA_D_8942534.wav,ok,
fake,LA/ASVspoof2019_LA_dev/flac/LA_D_8976086.flac,C:\Users\91807\sih\ai_voice_detector\data\fake\LA_D_8976086.wav,ok,
fake,LA/ASVspoof2019_LA_dev/flac/LA_D_7963921.flac,C:\Users\91807\sih\ai_voice_detector\data\fake\LA_D_7963921.wav,ok,
real,LA/ASVspoof2019_LA_dev/flac/LA_D_3810542.flac,C:\Users\91807\sih\ai_voice_detector\data\real\LA_D_3810542.wav,ok,
fake,LA/ASVspoof2019_LA_dev/flac/LA_D_1476062.flac,C:\Users\91807\sih\ai_voice_detector\data\fake\LA_D_1476062.wav,ok,
real,LA/ASVspoof2019_LA_dev/flac/LA_D_2813154.flac,C:\Users\91807\sih\ai_voice_detector\data\real\LA_D_2813154.wav,ok,
real,LA/ASVspoof2019_LA_dev/flac/LA_D_8365194.flac,C:\Users\91807\sih\ai_voice_detector\data\real\LA_D_8365194.wav,ok,
fake,LA/ASVspoof2019_LA_dev/flac/LA_D_2531153.flac,C:\Users\91807\sih\ai_voice_detector\data\fake\LA_D_2531153.wav,ok,
fake,LA/ASVspoof2019_LA_dev/flac/LA_D_2185267.flac,C:\Users\91807\sih\ai_voice_detector\data\fake\LA_D_2185267.wav,ok,
fake,LA/ASVspoof2019_LA_dev/flac/LA_D_4554135.flac,C:\Users\91807\sih\ai_voice_detector\data\fake\LA_D_4554135.wav,ok,
fake,LA/ASVspoof2019_LA_dev/flac/LA_D_4945642.flac,C:\Users\91807\sih\ai_voice_detector\data\fake\LA_D_4945642.wav,ok,
real,LA/ASVspoof2019_LA_dev/flac/LA_D_4422512.flac,C:\Users\91807\sih\ai_voice_detector\data\real\LA_D_4422512.wav,ok,
fake,LA/ASVspoof2019_LA_dev/flac/LA_D_4679758.flac,C:\Users\91807\sih\ai_voice_detector\data\fake\LA_D_4679758.wav,ok,
real,LA/ASVspoof2019_LA_dev/flac/LA_D_9148460.flac,C:\Users\91807\sih\ai_voice_detector\data\real\LA_D_9148460.wav,ok,
fake,LA/ASVspoof2019_LA_dev/flac/LA_D_1319176.flac,C:\Users\91807\sih\ai_voice_detector\data\fake\LA_D_1319176.wav,ok,
real,LA/ASVspoof2019_LA_dev/flac/LA_D_1760472.flac,C:\Users\91807\sih\ai_voice_detector\data\real\LA_D_1760472.wav,ok,
fake,LA/ASVspoof2019_LA_dev/flac/LA_D_7303743.flac,C:\Users\91807\sih\ai_voice_detector\data\fake\LA_D_7303743.wav,ok,
real,LA/ASVspoof2019_LA_dev/flac/LA_D_2800113.flac,C:\Users\91807\sih\ai_voice_detector\data\real\LA_D_2800113.wav,ok,
real,LA/ASVspoof2019_LA_dev/flac/LA_D_6548870.flac,C:\Users\91807\sih\ai_voice_detector\data\real\LA_D_6548870.wav,ok,
fake,LA/ASVspoof2019_LA_dev/flac/LA_D_5931445.flac,C:\Users\91807\sih\ai_voice_detector\data\fake\LA_D_5931445.wav,ok,
real,LA/ASVspoof2019_LA_dev/flac/LA_D_5312607.flac,C:\Users\91807\sih\ai_voice_detector\data\real\LA_D_5312607.wav,ok,
real,LA/ASVspoof2019_LA_dev/flac/LA_D_2232106.flac,C:\Users\91807\sih\ai_voice_detector\data\real\LA_D_2232106.wav,ok,
fake,LA/ASVspoof2019_LA_dev/flac/LA_D_8258459.flac,C:\Users\91807\sih\ai_voice_detector\data\fake\LA_D_8258459.wav,ok,
real,LA/ASVspoof2019_LA_dev/flac/LA_D_8982290.flac,C:\Users\91807\sih\ai_voice_detector\data\real\LA_D_8982290.wav,ok,
real,LA/ASVspoof2019_LA_dev/flac/LA_D_7157407.flac,C:\Users\91807\sih\ai_voice_detector\data\real\LA_D_7157407.wav,ok,
real,LA/ASVspoof2019_LA_dev/flac/LA_D_4367665.flac,C:\Users\91807\sih\ai_voice_detector\data\real\LA_D_4367665.wav,ok,
fake,LA/ASVspoof2019_LA_dev/flac/LA_D_3685552.flac,C:\Users\91807\sih\ai_voice_detector\data\fake\LA_D_3685552.wav,ok,
real,LA/ASVspoof2019_LA_dev/flac/LA_D_8620622.flac,C:\Users\91807\sih\ai_voice_detector\data\real\LA_D_8620622.wav,ok,
real,LA/ASVspoof2019_LA_dev/flac/LA_D_3770674.flac,C:\Users\91807\sih\ai_voice_detector\data\real\LA_D_3770674.wav,ok,
real,LA/ASVspoof2019_LA_dev/flac/LA_D_6316902.flac,C:\Users\91807\sih\ai_voice_detector\data\real\LA_D_6316902.wav,ok,
fake,LA/ASVspoof2019_LA_dev/flac/LA_D_2475830.flac,C:\Users\91807\sih\ai_voice_detector\data\fake\LA_D_2475830.wav,ok,
fake,LA/ASVspoof2019_LA_dev/flac/LA_D_3320515.flac,C:\Users\91807\sih\ai_voice_detector\data\fake\LA_D_3320515.wav,ok,
fake,LA/ASVspoof2019_LA_dev/flac/LA_D_5693207.flac,C:\Users\91807\sih\ai_voice_detector\data\fake\LA_D_5693207.wav,ok,
fake,LA/ASVspoof2019_LA_dev/flac/LA_D_1522579.flac,C:\Users\91807\sih\ai_voice_detector\data\fake\LA_D_1522579.wav,ok,
real,LA/ASVspoof2019_LA_dev/flac/LA_D_5110992.flac,C:\Users\91807\sih\ai_voice_detector\data\real\LA_D_5110992.wav,ok,
real,LA/ASVspoof2019_LA_dev/flac/LA_D_9015485.flac,C:\Users\91807\sih\ai_voice_detector\data\real\LA_D_9015485.wav,ok,
fake,LA/ASVspoof2019_LA_dev/flac/LA_D_8772966.flac,C:\Users\91807\sih\ai_voice_detector\data\fake\LA_D_8772966.wav,ok,
real,LA/ASVspoof2019_LA_dev/flac/LA_D_9580426.flac,C:\Users\91807\sih\ai_voice_detector\data\real\LA_D_9580426.wav,ok,
real,LA/ASVspoof2019_LA_dev/flac/LA_D_3547035.flac,C:\Users\91807\sih\ai_voice_detector\data\real\LA_D_3547035.wav,ok,
fake,LA/ASVspoof2019_LA_dev/flac/LA_D_9015599.flac,C:\Users\91807\sih\ai_voice_detector\data\fake\LA_D_9015599.wav,ok,
real,LA/ASVspoof2019_LA_dev/flac/LA_D_6289317.flac,C:\Users\91807\sih\ai_voice_detector\data\real\LA_D_6289317.wav,ok,
fake,LA/ASVspoof2019_LA_dev/flac/LA_D_1567825.flac,C:\Users\91807\sih\ai_voice_detector\data\fake\LA_D_1567825.wav,ok,
fake,LA/ASVspoof2019_LA_dev/flac/LA_D_1832937.flac,C:\Users\91807\sih\ai_voice_detector\data\fake\LA_D_1832937.wav,ok,
fake,LA/ASVspoof2019_LA_dev/flac/LA_D_9439087.flac,C:\Users\91807\sih\ai_voice_detector\data\fake\LA_D_9439087.wav,ok,
real,LA/ASVspoof2019_LA_dev/flac/LA_D_8489512.flac,C:\Users\91807\sih\ai_voice_detector\data\real\LA_D_8489512.wav,ok,
real,LA/ASVspoof2019_LA_dev/flac/LA_D_8117787.flac,C:\Users\91807\sih\ai_voice_detector\data\real\LA_D_8117787.wav,ok,
fake,LA/ASVspoof2019_LA_dev/flac/LA_D_3368444.flac,C:\Users\91807\sih\ai_voice_detector\data\fake\LA_D_3368444.wav,ok,
real,LA/ASVspoof2019_LA_dev/flac/LA_D_7058100.flac,C:\Users\91807\sih\ai_voice_detector\data\real\LA_D_7058100.wav,ok,
fake,LA/ASVspoof2019_LA_dev/flac/LA_D_5109245.flac,C:\Users\91807\sih\ai_voice_detector\data\fake\LA_D_5109245.wav,ok,
real,LA/ASVspoof2019_LA_dev/flac/LA_D_5704754.flac,C:\Users\91807\sih\ai_voice_detector\data\real\LA_D_5704754.wav,ok,
real,LA/ASVspoof2019_LA_dev/flac/LA_D_6077297.flac,C:\Users\91807\sih\ai_voice_detector\data\real\LA_D_6077297.wav,ok,
fake,LA/ASVspoof2019_LA_dev/flac/LA_D_4340193.flac,C:\Users\91807\sih\ai_voice_detector\data\fake\LA_D_4340193.wav,ok,
real,LA/ASVspoof2019_LA_dev/flac/LA_D_8029227.flac,C:\Users\91807\sih\ai_voice_detector\data\real\LA_D_8029227.wav,ok,
real,LA/ASVspoof2019_LA_dev/flac/LA_D_6113999.flac,C:\Users\91807\sih\ai_voice_detector\data\real\LA_D_6113999.wav,ok,
real,LA/ASVspoof2019_LA_dev/flac/LA_D_1389698.flac,C:\Users\91807\sih\ai_voice_detector\data\real\LA_D_1389698.wav,ok,
real,LA/ASVspoof2019_LA_dev/flac/LA_D_4005854.flac,C:\Users\91807\sih\ai_voice_detector\data\real\LA_D_4005854.wav,ok,
fake,LA/ASVspoof2019_LA_dev/flac/LA_D_2415268.flac,C:\Users\91807\sih\ai_voice_detector\data\fake\LA_D_2415268.wav,ok,
fake,LA/ASVspoof2019_LA_dev/flac/LA_D_4052518.flac,C:\Users\91807\sih\ai_voice_detector\data\fake\LA_D_4052518.wav,ok,
real,LA/ASVspoof2019_LA_dev/flac/LA_D_5417114.flac,C:\Users\91807\sih\ai_voice_detector\data\real\LA_D_5417114.wav,ok,
real,LA/ASVspoof2019_LA_dev/flac/LA_D_4818528.flac,C:\Users\91807\sih\ai_voice_detector\data\real\LA_D_4818528.wav,ok,
real,LA/ASVspoof2019_LA_dev/flac/LA_D_8433710.flac,C:\Users\91807\sih\ai_voice_detector\data\real\LA_D_8433710.wav,ok,
fake,LA/ASVspoof2019_LA_dev/flac/LA_D_2195770.flac,C:\Users\91807\sih\ai_voice_detector\data\fake\LA_D_2195770.wav,ok,
fake,LA/ASVspoof2019_LA_dev/flac/LA_D_9473241.flac,C:\Users\91807\sih\ai_voice_detector\data\fake\LA_D_9473241.wav,ok,
real,LA/ASVspoof2019_LA_dev/flac/LA_D_4341889.flac,C:\Users\91807\sih\ai_voice_detector\data\real\LA_D_4341889.wav,ok,
real,LA/ASVspoof2019_LA_dev/flac/LA_D_6368049.flac,C:\Users\91807\sih\ai_voice_detector\data\real\LA_D_6368049.wav,ok,
real,LA/ASVspoof2019_LA_dev/flac/LA_D_1118564.flac,C:\Users\91807\sih\ai_voice_detector\data\real\LA_D_1118564.wav,ok,
real,LA/ASVspoof2019_LA_dev/flac/LA_D_7596619.flac,C:\Users\91807\sih\ai_voice_detector\data\real\LA_D_7596619.wav,ok,
fake,LA/ASVspoof2019_LA_dev/flac/LA_D_3808321.flac,C:\Users\91807\sih\ai_voice_detector\data\fake\LA_D_3808321.wav,ok,
real,LA/ASVspoof2019_LA_dev/flac/LA_D_2035158.flac,C:\Users\91807\sih\ai_voice_detector\data\real\LA_D_2035158.wav,ok,
real,LA/ASVspoof2019_LA_dev/flac/LA_D_6478834.flac,C:\Users\91807\sih\ai_voice_detector\data\real\LA_D_6478834.wav,ok,
fake,LA/ASVspoof2019_LA_dev/flac/LA_D_3046260.flac,C:\Users\91807\sih\ai_voice_detector\data\fake\LA_D_3046260.wav,ok,
fake,LA/ASVspoof2019_LA_dev/flac/LA_D_9552252.flac,C:\Users\91807\sih\ai_voice_detector\data\fake\LA_D_9552252.wav,ok,
real,LA/ASVspoof2019_LA_dev/flac/LA_D_6465138.flac,C:\Users\91807\sih\ai_voice_detector\data\real\LA_D_6465138.wav,ok,
real,LA/ASVspoof2019_LA_dev/flac/LA_D_7269236.flac,C:\Users\91807\sih\ai_voice_detector\data\real\LA_D_7269236.wav,ok,
real,LA/ASVspoof2019_LA_dev/flac/LA_D_6710190.flac,C:\Users\91807\sih\ai_voice_detector\data\real\LA_D_6710190.wav,ok,
real,LA/ASVspoof2019_LA_dev/flac/LA_D_2009007.flac,C:\Users\91807\sih\ai_voice_detector\data\real\LA_D_2009007.wav,ok,
real,LA/ASVspoof2019_LA_dev/flac/LA_D_4655594.flac,C:\Users\91807\sih\ai_voice_detector\data\real\LA_D_4655594.wav,ok,
fake,LA/ASVspoof2019_LA_dev/flac/LA_D_9451445.flac,C:\Users\91807\sih\ai_voice_detector\data\fake\LA_D_9451445.wav,ok,
real,LA/ASVspoof2019_LA_dev/flac/LA_D_8749378.flac,C:\Users\91807\sih\ai_voice_detector\data\real\LA_D_8749378.wav,ok,
fake,LA/ASVspoof2019_LA_dev/flac/LA_D_5893651.flac,C:\Users\91807\sih\ai_voice_detector\data\fake\LA_D_5893651.wav,ok,
fake,LA/ASVspoof2019_LA_dev/flac/LA_D_8324721.flac,C:\Users\91807\sih\ai_voice_detector\data\fake\LA_D_8324721.wav,ok,
real,LA/ASVspoof2019_LA_dev/flac/LA_D_9195670.flac,C:\Users\91807\sih\ai_voice_detector\data\real\LA_D_9195670.wav,ok,
real,LA/ASVspoof2019_LA_dev/flac/LA_D_7448272.flac,C:\Users\91807\sih\ai_voice_detector\data\real\LA_D_7448272.wav,ok,
real,LA/ASVspoof2019_LA_dev/flac/LA_D_8430669.flac,C:\Users\91807\sih\ai_voice_detector\data\real\LA_D_8430669.wav,ok,
fake,LA/ASVspoof2019_LA_dev/flac/LA_D_4418754.flac,C:\Users\91807\sih\ai_voice_detector\data\fake\LA_D_4418754.wav,ok,
real,LA/ASVspoof2019_LA_dev/flac/LA_D_2609323.flac,C:\Users\91807\sih\ai_voice_detector\data\real\LA_D_2609323.wav,ok,
fake,LA/ASVspoof2019_LA_dev/flac/LA_D_2996902.flac,C:\Users\91807\sih\ai_voice_detector\data\fake\LA_D_2996902.wav,ok,
fake,LA/ASVspoof2019_LA_dev/flac/LA_D_3950513.flac,C:\Users\91807\sih\ai_voice_detector\data\fake\LA_D_3950513.wav,ok,
real,LA/ASVspoof2019_LA_dev/flac/LA_D_6380295.flac,C:\Users\91807\sih\ai_voice_detector\data\real\LA_D_6380295.wav,ok,
real,LA/ASVspoof2019_LA_dev/flac/LA_D_4462839.flac,C:\Users\91807\sih\ai_voice_detector\data\real\LA_D_4462839.wav,ok,
fake,LA/ASVspoof2019_LA_dev/flac/LA_D_9226035.flac,C:\Users\91807\sih\ai_voice_detector\data\fake\LA_D_9226035.wav,ok,
fake,LA/ASVspoof2019_LA_dev/flac/LA_D_2931921.flac,C:\Users\91807\sih\ai_voice_detector\data\fake\LA_D_2931921.wav,ok,
real,LA/ASVspoof2019_LA_dev/flac/LA_D_9757460.flac,C:\Users\91807\sih\ai_voice_detector\data\real\LA_D_9757460.wav,ok,
real,LA/ASVspoof2019_LA_dev/flac/LA_D_1594317.flac,C:\Users\91807\sih\ai_voice_detector\data\real\LA_D_1594317.wav,ok,
real,LA/ASVspoof2019_LA_dev/flac/LA_D_7148063.flac,C:\Users\91807\sih\ai_voice_detector\data\real\LA_D_7148063.wav,ok,
real,LA/ASVspoof2019_LA_dev/flac/LA_D_1590530.flac,C:\Users\91807\sih\ai_voice_detector\data\real\LA_D_1590530.wav,ok,
fake,LA/ASVspoof2019_LA_dev/flac/LA_D_2534017.flac,C:\Users\91807\sih\ai_voice_detector\data\fake\LA_D_2534017.wav,ok,
fake,LA/ASVspoof2019_LA_dev/flac/LA_D_5383156.flac,C:\Users\91807\sih\ai_voice_detector\data\fake\LA_D_5383156.wav,ok,
fake,LA/ASVspoof2019_LA_dev/flac/LA_D_5584946.flac,C:\Users\91807\sih\ai_voice_detector\data\fake\LA_D_5584946.wav,ok,
fake,LA/ASVspoof2019_LA_dev/flac/LA_D_9460191.flac,C:\Users\91807\sih\ai_voice_detector\data\fake\LA_D_9460191.wav,ok,
fake,LA/ASVspoof2019_LA_dev/flac/LA_D_2897075.flac,C:\Users\91807\sih\ai_voice_detector\data\fake\LA_D_2897075.wav,ok,
fake,LA/ASVspoof2019_LA_dev/flac/LA_D_8798382.flac,C:\Users\91807\sih\ai_voice_detector\data\fake\LA_D_8798382.wav,ok,
real,LA/ASVspoof2019_LA_dev/flac/LA_D_8503024.flac,C:\Users\91807\sih\ai_voice_detector\data\real\LA_D_8503024.wav,ok,
fake,LA/ASVspoof2019_LA_dev/flac/LA_D_3498825.flac,C:\Users\91807\sih\ai_voice_detector\data\fake\LA_D_3498825.wav,ok,
fake,LA/ASVspoof2019_LA_dev/flac/LA_D_9747461.flac,C:\Users\91807\sih\ai_voice_detector\data\fake\LA_D_9747461.wav,ok,
fake,LA/ASVspoof2019_LA_dev/flac/LA_D_4025786.flac,C:\Users\91807\sih\ai_voice_detector\data\fake\LA_D_4025786.wav,ok,
real,LA/ASVspoof2019_LA_dev/flac/LA_D_1838177.flac,C:\Users\91807\sih\ai_voice_detector\data\real\LA_D_1838177.wav,ok,
fake,LA/ASVspoof2019_LA_dev/flac/LA_D_9020983.flac,C:\Users\91807\sih\ai_voice_detector\data\fake\LA_D_9020983.wav,ok,
fake,LA/ASVspoof2019_LA_dev/flac/LA_D_8344568.flac,C:\Users\91807\sih\ai_voice_detector\data\fake\LA_D_8344568.wav,ok,
real,LA/ASVspoof2019_LA_dev/flac/LA_D_1363243.flac,C:\Users\91807\sih\ai_voice_detector\data\real\LA_D_1363243.wav,ok,
real,LA/ASVspoof2019_LA_dev/flac/LA_D_3081203.flac,C:\Users\91807\sih\ai_voice_detector\data\real\LA_D_3081203.wav,ok,
fake,LA/ASVspoof2019_LA_dev/flac/LA_D_6510745.flac,C:\Users\91807\sih\ai_voice_detector\data\fake\LA_D_6510745.wav,ok,
real,LA/ASVspoof2019_LA_dev/flac/LA_D_9224096.flac,C:\Users\91807\sih\ai_voice_detector\data\real\LA_D_9224096.wav,ok,
real,LA/ASVspoof2019_LA_dev/flac/LA_D_3475014.flac,C:\Users\91807\sih\ai_voice_detector\data\real\LA_D_3475014.wav,ok,
real,LA/ASVspoof2019_LA_dev/flac/LA_D_7812459.flac,C:\Users\91807\sih\ai_voice_detector\data\real\LA_D_7812459.wav,ok,
fake,LA/ASVspoof2019_LA_dev/flac/LA_D_7415677.flac,C:\Users\91807\sih\ai_voice_detector\data\fake\LA_D_7415677.wav,ok,
real,LA/ASVspoof2019_LA_dev/flac/LA_D_1091102.flac,C:\Users\91807\sih\ai_voice_detector\data\real\LA_D_1091102.wav,ok,
real,LA/ASVspoof2019_LA_dev/flac/LA_D_2172148.flac,C:\Users\91807\sih\ai_voice_detector\data\real\LA_D_2172148.wav,ok,
fake,LA/ASVspoof2019_LA_dev/flac/LA_D_5039819.flac,C:\Users\91807\sih\ai_voice_detector\data\fake\LA_D_5039819.wav,ok,
fake,LA/ASVspoof2019_LA_dev/flac/LA_D_6954837.flac,C:\Users\91807\sih\ai_voice_detector\data\fake\LA_D_6954837.wav,ok,
real,LA/ASVspoof2019_LA_dev/flac/LA_D_7114977.flac,C:\Users\91807\sih\ai_voice_detector\data\real\LA_D_7114977.wav,ok,
real,LA/ASVspoof2019_LA_dev/flac/LA_D_6367157.flac,C:\Users\91807\sih\ai_voice_detector\data\real\LA_D_6367157.wav,ok,
real,LA/ASVspoof2019_LA_dev/flac/LA_D_6648802.flac,C:\Users\91807\sih\ai_voice_detector\data\real\LA_D_6648802.wav,ok,
real,LA/ASVspoof2019_LA_dev/flac/LA_D_1427710.flac,C:\Users\91807\sih\ai_voice_detector\data\real\LA_D_1427710.wav,ok,
fake,LA/ASVspoof2019_LA_dev/flac/LA_D_2756089.flac,C:\Users\91807\sih\ai_voice_detector\data\fake\LA_D_2756089.wav,ok,
fake,LA/ASVspoof2019_LA_dev/flac/LA_D_9021893.flac,C:\Users\91807\sih\ai_voice_detector\data\fake\LA_D_9021893.wav,ok,
real,LA/ASVspoof2019_LA_dev/flac/LA_D_8099644.flac,C:\Users\91807\sih\ai_voice_detector\data\real\LA_D_8099644.wav,ok,
fake,LA/ASVspoof2019_LA_dev/flac/LA_D_6093454.flac,C:\Users\91807\sih\ai_voice_detector\data\fake\LA_D_6093454.wav,ok,
fake,LA/ASVspoof2019_LA_dev/flac/LA_D_7390072.flac,C:\Users\91807\sih\ai_voice_detector\data\fake\LA_D_7390072.wav,ok,
real,LA/ASVspoof2019_LA_dev/flac/LA_D_7179593.flac,C:\Users\91807\sih\ai_voice_detector\data\real\LA_D_7179593.wav,ok,
fake,LA/ASVspoof2019_LA_dev/flac/LA_D_1975814.flac,C:\Users\91807\sih\ai_voice_detector\data\fake\LA_D_1975814.wav,ok,
real,LA/ASVspoof2019_LA_dev/flac/LA_D_1772237.flac,C:\Users\91807\sih\ai_voice_detector\data\real\LA_D_1772237.wav,ok,
fake,LA/ASVspoof2019_LA_dev/flac/LA_D_3089136.flac,C:\Users\91807\sih\ai_voice_detector\data\fake\LA_D_3089136.wav,ok,
fake,LA/ASVspoof2019_LA_dev/flac/LA_D_4789100.flac,C:\Users\91807\sih\ai_voice_detector\data\fake\LA_D_4789100.wav,ok,
fake,LA/ASVspoof2019_LA_dev/flac/LA_D_1332849.flac,C:\Users\91807\sih\ai_voice_detector\data\fake\LA_D_1332849.wav,ok,
fake,LA/ASVspoof2019_LA_dev/flac/LA_D_8962012.flac,C:\Users\91807\sih\ai_voice_detector\data\fake\LA_D_8962012.wav,ok,
fake,LA/ASVspoof2019_LA_dev/flac/LA_D_6322470.flac,C:\Users\91807\sih\ai_voice_detector\data\fake\LA_D_6322470.wav,ok,
real,LA/ASVspoof2019_LA_dev/flac/LA_D_5355457.flac,C:\Users\91807\sih\ai_voice_detector\data\real\LA_D_5355457.wav,ok,
real,LA/ASVspoof2019_LA_dev/flac/LA_D_2042159.flac,C:\Users\91807\sih\ai_voice_detector\data\real\LA_D_2042159.wav,ok,
real,LA/ASVspoof2019_LA_dev/flac/LA_D_5790567.flac,C:\Users\91807\sih\ai_voice_detector\data\real\LA_D_5790567.wav,ok,
real,LA/ASVspoof2019_LA_dev/flac/LA_D_8587105.flac,C:\Users\91807\sih\ai_voice_detector\data\real\LA_D_8587105.wav,ok,
fake,LA/ASVspoof2019_LA_dev/flac/LA_D_8310930.flac,C:\Users\91807\sih\ai_voice_detector\data\fake\LA_D_8310930.wav,ok,
real,LA/ASVspoof2019_LA_dev/flac/LA_D_9042253.flac,C:\Users\91807\sih\ai_voice_detector\data\real\LA_D_9042253.wav,ok,
real,LA/ASVspoof2019_LA_dev/flac/LA_D_5879570.flac,C:\Users\91807\sih\ai_voice_detector\data\real\LA_D_5879570.wav,ok,
real,LA/ASVspoof2019_LA_dev/flac/LA_D_8750703.flac,C:\Users\91807\sih\ai_voice_detector\data\real\LA_D_8750703.wav,ok,
real,LA/ASVspoof2019_LA_dev/flac/LA_D_1888215.flac,C:\Users\91807\sih\ai_voice_detector\data\real\LA_D_1888215.wav,ok,
fake,LA/ASVspoof2019_LA_dev/flac/LA_D_8110188.flac,C:\Users\91807\sih\ai_voice_detector\data\fake\LA_D_8110188.wav,ok,
fake,LA/ASVspoof2019_LA_dev/flac/LA_D_1575988.flac,C:\Users\91807\sih\ai_voice_detector\data\fake\LA_D_1575988.wav,ok,
real,LA/ASVspoof2019_LA_dev/flac/LA_D_3373431.flac,C:\Users\91807\sih\ai_voice_detector\data\real\LA_D_3373431.wav,ok,
fake,LA/ASVspoof2019_LA_dev/flac/LA_D_8216112.flac,C:\Users\91807\sih\ai_voice_detector\data\fake\LA_D_8216112.wav,ok,
fake,LA/ASVspoof2019_LA_dev/flac/LA_D_1133783.flac,C:\Users\91807\sih\ai_voice_detector\data\fake\LA_D_1133783.wav,ok,
real,LA/ASVspoof2019_LA_dev/flac/LA_D_8045816.flac,C:\Users\91807\sih\ai_voice_detector\data\real\LA_D_8045816.wav,ok,
real,LA/ASVspoof2019_LA_dev/flac/LA_D_7182301.flac,C:\Users\91807\sih\ai_voice_detector\data\real\LA_D_7182301.wav,ok,
fake,LA/ASVspoof2019_LA_dev/flac/LA_D_6522419.flac,C:\Users\91807\sih\ai_voice_detector\data\fake\LA_D_6522419.wav,ok,
real,LA/ASVspoof2019_LA_dev/flac/LA_D_8693177.flac,C:\Users\91807\sih\ai_voice_detector\data\real\LA_D_8693177.wav,ok,
real,LA/ASVspoof2019_LA_dev/flac/LA_D_9597340.flac,C:\Users\91807\sih\ai_voice_detector\data\real\LA_D_9597340.wav,ok,
fake,LA/ASVspoof2019_LA_dev/flac/LA_D_6777418.flac,C:\Users\91807\sih\ai_voice_detector\data\fake\LA_D_6777418.wav,ok,
real,LA/ASVspoof2019_LA_dev/flac/LA_D_6642454.flac,C:\Users\91807\sih\ai_voice_detector\data\real\LA_D_6642454.wav,ok,
fake,LA/ASVspoof2019_LA_dev/flac/LA_D_8736114.flac,C:\Users\91807\sih\ai_voice_detector\data\fake\LA_D_8736114.wav,ok,
real,LA/ASVspoof2019_LA_dev/flac/LA_D_9917104.flac,C:\Users\91807\sih\ai_voice_detector\data\real\LA_D_9917104.wav,ok,
real,LA/ASVspoof2019_LA_dev/flac/LA_D_6805066.flac,C:\Users\91807\sih\ai_voice_detector\data\real\LA_D_6805066.wav,ok,
fake,LA/ASVspoof2019_LA_dev/flac/LA_D_1485983.flac,C:\Users\91807\sih\ai_voice_detector\data\fake\LA_D_1485983.wav,ok,
real,LA/ASVspoof2019_LA_dev/flac/LA_D_6920717.flac,C:\Users\91807\sih\ai_voice_detector\data\real\LA_D_6920717.wav,ok,
fake,LA/ASVspoof2019_LA_dev/flac/LA_D_5921381.flac,C:\Users\91807\sih\ai_voice_detector\data\fake\LA_D_5921381.wav,ok,
fake,LA/ASVspoof2019_LA_dev/flac/LA_D_7880514.flac,C:\Users\91807\sih\ai_voice_detector\data\fake\LA_D_7880514.wav,ok,
fake,LA/ASVspoof2019_LA_dev/flac/LA_D_9862810.flac,C:\Users\91807\sih\ai_voice_detector\data\fake\LA_D_9862810.wav,ok,
fake,LA/ASVspoof2019_LA_dev/flac/LA_D_8260557.flac,C:\Users\91807\sih\ai_voice_detector\data\fake\LA_D_8260557.wav,ok,
fake,LA/ASVspoof2019_LA_dev/flac/LA_D_9176089.flac,C:\Users\91807\sih\ai_voice_detector\data\fake\LA_D_9176089.wav,ok,
real,LA/ASVspoof2019_LA_dev/flac/LA_D_2871577.flac,C:\Users\91807\sih\ai_voice_detector\data\real\LA_D_2871577.wav,ok,
real,LA/ASVspoof2019_LA_dev/flac/LA_D_2576930.flac,C:\Users\91807\sih\ai_voice_detector\data\real\LA_D_2576930.wav,ok,
fake,LA/ASVspoof2019_LA_dev/flac/LA_D_3905640.flac,C:\Users\91807\sih\ai_voice_detector\data\fake\LA_D_3905640.wav,ok,
fake,LA/ASVspoof2019_LA_dev/flac/LA_D_3481456.flac,C:\Users\91807\sih\ai_voice_detector\data\fake\LA_D_3481456.wav,ok,
fake,LA/ASVspoof2019_LA_dev/flac/LA_D_9445699.flac,C:\Users\91807\sih\ai_voice_detector\data\fake\LA_D_9445699.wav,ok,
real,LA/ASVspoof2019_LA_dev/flac/LA_D_4331249.flac,C:\Users\91807\sih\ai_voice_detector\data\real\LA_D_4331249.wav,ok,
real,LA/ASVspoof2019_LA_dev/flac/LA_D_9366582.flac,C:\Users\91807\sih\ai_voice_detector\data\real\LA_D_9366582.wav,ok,
real,LA/ASVspoof2019_LA_dev/flac/LA_D_8600039.flac,C:\Users\91807\sih\ai_voice_detector\data\real\LA_D_8600039.wav,ok,
real,LA/ASVspoof2019_LA_dev/flac/LA_D_6623102.flac,C:\Users\91807\sih\ai_voice_detector\data\real\LA_D_6623102.wav,ok,
real,LA/ASVspoof2019_LA_dev/flac/LA_D_6836003.flac,C:\Users\91807\sih\ai_voice_detector\data\real\LA_D_6836003.wav,ok,
real,LA/ASVspoof2019_LA_dev/flac/LA_D_8988565.flac,C:\Users\91807\sih\ai_voice_detector\data\real\LA_D_8988565.wav,ok,
fake,LA/ASVspoof2019_LA_dev/flac/LA_D_5349891.flac,C:\Users\91807\sih\ai_voice_detector\data\fake\LA_D_5349891.wav,ok,
fake,LA/ASVspoof2019_LA_dev/flac/LA_D_8762296.flac,C:\Users\91807\sih\ai_voice_detector\data\fake\LA_D_8762296.wav,ok,
fake,LA/ASVspoof2019_LA_dev/flac/LA_D_6936936.flac,C:\Users\91807\sih\ai_voice_detector\data\fake\LA_D_6936936.wav,ok,
real,LA/ASVspoof2019_LA_dev/flac/LA_D_4437989.flac,C:\Users\91807\sih\ai_voice_detector\data\real\LA_D_4437989.wav,ok,
real,LA/ASVspoof2019_LA_dev/flac/LA_D_2996762.flac,C:\Users\91807\sih\ai_voice_detector\data\real\LA_D_2996762.wav,ok,
real,LA/ASVspoof2019_LA_dev/flac/LA_D_5135534.flac,C:\Users\91807\sih\ai_voice_detector\data\real\LA_D_5135534.wav,ok,
fake,LA/ASVspoof2019_LA_dev/flac/LA_D_2353988.flac,C:\Users\91807\sih\ai_voice_detector\data\fake\LA_D_2353988.wav,ok,
fake,LA/ASVspoof2019_LA_dev/flac/LA_D_6418011.flac,C:\Users\91807\sih\ai_voice_detector\data\fake\LA_D_6418011.wav,ok,
real,LA/ASVspoof2019_LA_dev/flac/LA_D_6499603.flac,C:\Users\91807\sih\ai_voice_detector\data\real\LA_D_6499603.wav,ok,
real,LA/ASVspoof2019_LA_dev/flac/LA_D_5763453.flac,C:\Users\91807\sih\ai_voice_detector\data\real\LA_D_5763453.wav,ok,
fake,LA/ASVspoof2019_LA_dev/flac/LA_D_8301954.flac,C:\Users\91807\sih\ai_voice_detector\data\fake\LA_D_8301954.wav,ok,
real,LA/ASVspoof2019_LA_dev/flac/LA_D_5660085.flac,C:\Users\91807\sih\ai_voice_detector\data\real\LA_D_5660085.wav,ok,
real,LA/ASVspoof2019_LA_dev/flac/LA_D_2748583.flac,C:\Users\91807\sih\ai_voice_detector\data\real\LA_D_2748583.wav,ok,
real,LA/ASVspoof2019_LA_dev/flac/LA_D_9076677.flac,C:\Users\91807\sih\ai_voice_detector\data\real\LA_D_9076677.wav,ok,
real,LA/ASVspoof2019_LA_dev/flac/LA_D_8270902.flac,C:\Users\91807\sih\ai_voice_detector\data\real\LA_D_8270902.wav,ok,
real,LA/ASVspoof2019_LA_dev/flac/LA_D_2250508.flac,C:\Users\91807\sih\ai_voice_detector\data\real\LA_D_2250508.wav,ok,
fake,LA/ASVspoof2019_LA_dev/flac/LA_D_4250284.flac,C:\Users\91807\sih\ai_voice_detector\data\fake\LA_D_4250284.wav,ok,
fake,LA/ASVspoof2019_LA_dev/flac/LA_D_7880553.flac,C:\Users\91807\sih\ai_voice_detector\data\fake\LA_D_7880553.wav,ok,
real,LA/ASVspoof2019_LA_dev/flac/LA_D_4516804.flac,C:\Users\91807\sih\ai_voice_detector\data\real\LA_D_4516804.wav,ok,
real,LA/ASVspoof2019_LA_dev/flac/LA_D_6868998.flac,C:\Users\91807\sih\ai_voice_detector\data\real\LA_D_6868998.wav,ok,
real,LA/ASVspoof2019_LA_dev/flac/LA_D_7707754.flac,C:\Users\91807\sih\ai_voice_detector\data\real\LA_D_7707754.wav,ok,
fake,LA/ASVspoof2019_LA_dev/flac/LA_D_6093640.flac,C:\Users\91807\sih\ai_voice_detector\data\fake\LA_D_6093640.wav,ok,
fake,LA/ASVspoof2019_LA_dev/flac/LA_D_7555962.flac,C:\Users\91807\sih\ai_voice_detector\data\fake\LA_D_7555962.wav,ok,
real,LA/ASVspoof2019_LA_dev/flac/LA_D_6108420.flac,C:\Users\91807\sih\ai_voice_detector\data\real\LA_D_6108420.wav,ok,
real,LA/ASVspoof2019_LA_dev/flac/LA_D_1377420.flac,C:\Users\91807\sih\ai_voice_detector\data\real\LA_D_1377420.wav,ok,
fake,LA/ASVspoof2019_LA_dev/flac/LA_D_6506991.flac,C:\Users\91807\sih\ai_voice_detector\data\fake\LA_D_6506991.wav,ok,
fake,LA/ASVspoof2019_LA_dev/flac/LA_D_5653979.flac,C:\Users\91807\sih\ai_voice_detector\data\fake\LA_D_5653979.wav,ok,
fake,LA/ASVspoof2019_LA_dev/flac/LA_D_8592862.flac,C:\Users\91807\sih\ai_voice_detector\data\fake\LA_D_8592862.wav,ok,
fake,LA/ASVspoof2019_LA_dev/flac/LA_D_9638872.flac,C:\Users\91807\sih\ai_voice_detector\data\fake\LA_D_9638872.wav,ok,
fake,LA/ASVspoof2019_LA_dev/flac/LA_D_9537226.flac,C:\Users\91807\sih\ai_voice_detector\data\fake\LA_D_9537226.wav,ok,
fake,LA/ASVspoof2019_LA_dev/flac/LA_D_6312072.flac,C:\Users\91807\sih\ai_voice_detector\data\fake\LA_D_6312072.wav,ok,
real,LA/ASVspoof2019_LA_dev/flac/LA_D_8274485.flac,C:\Users\91807\sih\ai_voice_detector\data\real\LA_D_8274485.wav,ok,
real,LA/ASVspoof2019_LA_dev/flac/LA_D_8978448.flac,C:\Users\91807\sih\ai_voice_detector\data\real\LA_D_8978448.wav,ok,
fake,LA/ASVspoof2019_LA_dev/flac/LA_D_9323962.flac,C:\Users\91807\sih\ai_voice_detector\data\fake\LA_D_9323962.wav,ok,
real,LA/ASVspoof2019_LA_dev/flac/LA_D_4968305.flac,C:\Users\91807\sih\ai_voice_detector\data\real\LA_D_4968305.wav,ok,
real,LA/ASVspoof2019_LA_dev/flac/LA_D_6311046.flac,C:\Users\91807\sih\ai_voice_detector\data\real\LA_D_6311046.wav,ok,
real,LA/ASVspoof2019_LA_dev/flac/LA_D_1156906.flac,C:\Users\91807\sih\ai_voice_detector\data\real\LA_D_1156906.wav,ok,
real,LA/ASVspoof2019_LA_dev/flac/LA_D_9053831.flac,C:\Users\91807\sih\ai_voice_detector\data\real\LA_D_9053831.wav,ok,
real,LA/ASVspoof2019_LA_dev/flac/LA_D_5545146.flac,C:\Users\91807\sih\ai_voice_detector\data\real\LA_D_5545146.wav,ok,
fake,LA/ASVspoof2019_LA_dev/flac/LA_D_8499403.flac,C:\Users\91807\sih\ai_voice_detector\data\fake\LA_D_8499403.wav,ok,
fake,LA/ASVspoof2019_LA_dev/flac/LA_D_6819533.flac,C:\Users\91807\sih\ai_voice_detector\data\fake\LA_D_6819533.wav,ok,
fake,LA/ASVspoof2019_LA_dev/flac/LA_D_7784595.flac,C:\Users\91807\sih\ai_voice_detector\data\fake\LA_D_7784595.wav,ok,
real,LA/ASVspoof2019_LA_dev/flac/LA_D_2989479.flac,C:\Users\91807\sih\ai_voice_detector\data\real\LA_D_2989479.wav,ok,
real,LA/ASVspoof2019_LA_dev/flac/LA_D_6561538.flac,C:\Users\91807\sih\ai_voice_detector\data\real\LA_D_6561538.wav,ok,
fake,LA/ASVspoof2019_LA_dev/flac/LA_D_6497646.flac,C:\Users\91807\sih\ai_voice_detector\data\fake\LA_D_6497646.wav,ok,
real,LA/ASVspoof2019_LA_dev/flac/LA_D_4175940.flac,C:\Users\91807\sih\ai_voice_detector\data\real\LA_D_4175940.wav,ok,
fake,LA/ASVspoof2019_LA_dev/flac/LA_D_7030437.flac,C:\Users\91807\sih\ai_voice_detector\data\fake\LA_D_7030437.wav,ok,
real,LA/ASVspoof2019_LA_dev/flac/LA_D_9091774.flac,C:\Users\91807\sih\ai_voice_detector\data\real\LA_D_9091774.wav,ok,
real,LA/ASVspoof2019_LA_dev/flac/LA_D_4964260.flac,C:\Users\91807\sih\ai_voice_detector\data\real\LA_D_4964260.wav,ok,
fake,LA/ASVspoof2019_LA_dev/flac/LA_D_9193020.flac,C:\Users\91807\sih\ai_voice_detector\data\fake\LA_D_9193020.wav,ok,
real,LA/ASVspoof2019_LA_dev/flac/LA_D_6516226.flac,C:\Users\91807\sih\ai_voice_detector\data\real\LA_D_6516226.wav,ok,
real,LA/ASVspoof2019_LA_dev/flac/LA_D_5292101.flac,C:\Users\91807\sih\ai_voice_detector\data\real\LA_D_5292101.wav,ok,
fake,LA/ASVspoof2019_LA_dev/flac/LA_D_6547607.flac,C:\Users\91807\sih\ai_voice_detector\data\fake\LA_D_6547607.wav,ok,
fake,LA/ASVspoof2019_LA_dev/flac/LA_D_9635349.flac,C:\Users\91807\sih\ai_voice_detector\data\fake\LA_D_9635349.wav,ok,
fake,LA/ASVspoof2019_LA_dev/flac/LA_D_1374599.flac,C:\Users\91807\sih\ai_voice_detector\data\fake\LA_D_1374599.wav,ok,
fake,LA/ASVspoof2019_LA_dev/flac/LA_D_6640736.flac,C:\Users\91807\sih\ai_voice_detector\data\fake\LA_D_6640736.wav,ok,
fake,LA/ASVspoof2019_LA_dev/flac/LA_D_6614217.flac,C:\Users\91807\sih\ai_voice_detector\data\fake\LA_D_6614217.wav,ok,
real,LA/ASVspoof2019_LA_dev/flac/LA_D_4367012.flac,C:\Users\91807\sih\ai_voice_detector\data\real\LA_D_4367012.wav,ok,
real,LA/ASVspoof2019_LA_dev/flac/LA_D_4723647.flac,C:\Users\91807\sih\ai_voice_detector\data\real\LA_D_4723647.wav,ok,
real,LA/ASVspoof2019_LA_dev/flac/LA_D_2105580.flac,C:\Users\91807\sih\ai_voice_detector\data\real\LA_D_2105580.wav,ok,
real,LA/ASVspoof2019_LA_dev/flac/LA_D_5522312.flac,C:\Users\91807\sih\ai_voice_detector\data\real\LA_D_5522312.wav,ok,
fake,LA/ASVspoof2019_LA_dev/flac/LA_D_3331432.flac,C:\Users\91807\sih\ai_voice_detector\data\fake\LA_D_3331432.wav,ok,
fake,LA/ASVspoof2019_LA_dev/flac/LA_D_8902219.flac,C:\Users\91807\sih\ai_voice_detector\data\fake\LA_D_8902219.wav,ok,
real,LA/ASVspoof2019_LA_dev/flac/LA_D_6459646.flac,C:\Users\91807\sih\ai_voice_detector\data\real\LA_D_6459646.wav,ok,
real,LA/ASVspoof2019_LA_dev/flac/LA_D_7550546.flac,C:\Users\91807\sih\ai_voice_detector\data\real\LA_D_7550546.wav,ok,
fake,LA/ASVspoof2019_LA_dev/flac/LA_D_7671577.flac,C:\Users\91807\sih\ai_voice_detector\data\fake\LA_D_7671577.wav,ok,
fake,LA/ASVspoof2019_LA_dev/flac/LA_D_5369918.flac,C:\Users\91807\sih\ai_voice_detector\data\fake\LA_D_5369918.wav,ok,
real,LA/ASVspoof2019_LA_dev/flac/LA_D_4401633.flac,C:\Users\91807\sih\ai_voice_detector\data\real\LA_D_4401633.wav,ok,
fake,LA/ASVspoof2019_LA_dev/flac/LA_D_7364775.flac,C:\Users\91807\sih\ai_voice_detector\data\fake\LA_D_7364775.wav,ok,
real,LA/ASVspoof2019_LA_dev/flac/LA_D_9812702.flac,C:\Users\91807\sih\ai_voice_detector\data\real\LA_D_9812702.wav,ok,
real,LA/ASVspoof2019_LA_dev/flac/LA_D_5947257.flac,C:\Users\91807\sih\ai_voice_detector\data\real\LA_D_5947257.wav,ok,
real,LA/ASVspoof2019_LA_dev/flac/LA_D_4479461.flac,C:\Users\91807\sih\ai_voice_detector\data\real\LA_D_4479461.wav,ok,
fake,LA/ASVspoof2019_LA_dev/flac/LA_D_2368969.flac,C:\Users\91807\sih\ai_voice_detector\data\fake\LA_D_2368969.wav,ok,
real,LA/ASVspoof2019_LA_dev/flac/LA_D_3440131.flac,C:\Users\91807\sih\ai_voice_detector\data\real\LA_D_3440131.wav,ok,
fake,LA/ASVspoof2019_LA_dev/flac/LA_D_2484663.flac,C:\Users\91807\sih\ai_voice_detector\data\fake\LA_D_2484663.wav,ok,
real,LA/ASVspoof2019_LA_dev/flac/LA_D_1943350.flac,C:\Users\91807\sih\ai_voice_detector\data\real\LA_D_1943350.wav,ok,
fake,LA/ASVspoof2019_LA_dev/flac/LA_D_5164039.flac,C:\Users\91807\sih\ai_voice_detector\data\fake\LA_D_5164039.wav,ok,
fake,LA/ASVspoof2019_LA_dev/flac/LA_D_7028251.flac,C:\Users\91807\sih\ai_voice_detector\data\fake\LA_D_7028251.wav,ok,
real,LA/ASVspoof2019_LA_dev/flac/LA_D_1264788.flac,C:\Users\91807\sih\ai_voice_detector\data\real\LA_D_1264788.wav,ok,
real,LA/ASVspoof2019_LA_dev/flac/LA_D_7726114.flac,C:\Users\91807\sih\ai_voice_detector\data\real\LA_D_7726114.wav,ok,
fake,LA/ASVspoof2019_LA_dev/flac/LA_D_7325649.flac,C:\Users\91807\sih\ai_voice_detector\data\fake\LA_D_7325649.wav,ok,
fake,LA/ASVspoof2019_LA_dev/flac/LA_D_2533090.flac,C:\Users\91807\sih\ai_voice_detector\data\fake\LA_D_2533090.wav,ok,
fake,LA/ASVspoof2019_LA_dev/flac/LA_D_1778012.flac,C:\Users\91807\sih\ai_voice_detector\data\fake\LA_D_1778012.wav,ok,
fake,LA/ASVspoof2019_LA_dev/flac/LA_D_8464223.flac,C:\Users\91807\sih\ai_voice_detector\data\fake\LA_D_8464223.wav,ok,
fake,LA/ASVspoof2019_LA_dev/flac/LA_D_8125219.flac,C:\Users\91807\sih\ai_voice_detector\data\fake\LA_D_8125219.wav,ok,
real,LA/ASVspoof2019_LA_dev/flac/LA_D_5989374.flac,C:\Users\91807\sih\ai_voice_detector\data\real\LA_D_5989374.wav,ok,
real,LA/ASVspoof2019_LA_dev/flac/LA_D_6864236.flac,C:\Users\91807\sih\ai_voice_detector\data\real\LA_D_6864236.wav,ok,
fake,LA/ASVspoof2019_LA_dev/flac/LA_D_6123181.flac,C:\Users\91807\sih\ai_voice_detector\data\fake\LA_D_6123181.wav,ok,
real,LA/ASVspoof2019_LA_dev/flac/LA_D_8924553.flac,C:\Users\91807\sih\ai_voice_detector\data\real\LA_D_8924553.wav,ok,
fake,LA/ASVspoof2019_LA_dev/flac/LA_D_7891516.flac,C:\Users\91807\sih\ai_voice_detector\data\fake\LA_D_7891516.wav,ok,
fake,LA/ASVspoof2019_LA_dev/flac/LA_D_1865438.flac,C:\Users\91807\sih\ai_voice_detector\data\fake\LA_D_1865438.wav,ok,
fake,LA/ASVspoof2019_LA_dev/flac/LA_D_7526777.flac,C:\Users\91807\sih\ai_voice_detector\data\fake\LA_D_7526777.wav,ok,
real,LA/ASVspoof2019_LA_dev/flac/LA_D_7324285.flac,C:\Users\91807\sih\ai_voice_detector\data\real\LA_D_7324285.wav,ok,
fake,LA/ASVspoof2019_LA_dev/flac/LA_D_5638088.flac,C:\Users\91807\sih\ai_voice_detector\data\fake\LA_D_5638088.wav,ok,
fake,LA/ASVspoof2019_LA_dev/flac/LA_D_3205288.flac,C:\Users\91807\sih\ai_voice_detector\data\fake\LA_D_3205288.wav,ok,
real,LA/ASVspoof2019_LA_dev/flac/LA_D_1409575.flac,C:\Users\91807\sih\ai_voice_detector\data\real\LA_D_1409575.wav,ok,
fake,LA/ASVspoof2019_LA_dev/flac/LA_D_2459392.flac,C:\Users\91807\sih\ai_voice_detector\data\fake\LA_D_2459392.wav,ok,
real,LA/ASVspoof2019_LA_dev/flac/LA_D_4310926.flac,C:\Users\91807\sih\ai_voice_detector\data\real\LA_D_4310926.wav,ok,
fake,LA/ASVspoof2019_LA_dev/flac/LA_D_7966865.flac,C:\Users\91807\sih\ai_voice_detector\data\fake\LA_D_7966865.wav,ok,
fake,LA/ASVspoof2019_LA_dev/flac/LA_D_5931137.flac,C:\Users\91807\sih\ai_voice_detector\data\fake\LA_D_5931137.wav,ok,
real,LA/ASVspoof2019_LA_dev/flac/LA_D_1218694.flac,C:\Users\91807\sih\ai_voice_detector\data\real\LA_D_1218694.wav,ok,
real,LA/ASVspoof2019_LA_dev/flac/LA_D_4041525.flac,C:\Users\91807\sih\ai_voice_detector\data\real\LA_D_4041525.wav,ok,
fake,LA/ASVspoof2019_LA_dev/flac/LA_D_4427787.flac,C:\Users\91807\sih\ai_voice_detector\data\fake\LA_D_4427787.wav,ok,
fake,LA/ASVspoof2019_LA_dev/flac/LA_D_6884626.flac,C:\Users\91807\sih\ai_voice_detector\data\fake\LA_D_6884626.wav,ok,
fake,LA/ASVspoof2019_LA_dev/flac/LA_D_1341967.flac,C:\Users\91807\sih\ai_voice_detector\data\fake\LA_D_1341967.wav,ok,
fake,LA/ASVspoof2019_LA_dev/flac/LA_D_7768123.flac,C:\Users\91807\sih\ai_voice_detector\data\fake\LA_D_7768123.wav,ok,
real,LA/ASVspoof2019_LA_dev/flac/LA_D_1483493.flac,C:\Users\91807\sih\ai_voice_detector\data\real\LA_D_1483493.wav,ok,
real,LA/ASVspoof2019_LA_dev/flac/LA_D_5495040.flac,C:\Users\91807\sih\ai_voice_detector\data\real\LA_D_5495040.wav,ok,
real,LA/ASVspoof2019_LA_dev/flac/LA_D_6810551.flac,C:\Users\91807\sih\ai_voice_detector\data\real\LA_D_6810551.wav,ok,
fake,LA/ASVspoof2019_LA_dev/flac/LA_D_7859872.flac,C:\Users\91807\sih\ai_voice_detector\data\fake\LA_D_7859872.wav,ok,
fake,LA/ASVspoof2019_LA_dev/flac/LA_D_8028295.flac,C:\Users\91807\sih\ai_voice_detector\data\fake\LA_D_8028295.wav,ok,
real,LA/ASVspoof2019_LA_dev/flac/LA_D_4866981.flac,C:\Users\91807\sih\ai_voice_detector\data\real\LA_D_4866981.wav,ok,
real,LA/ASVspoof2019_LA_dev/flac/LA_D_9997701.flac,C:\Users\91807\sih\ai_voice_detector\data\real\LA_D_9997701.wav,ok,
fake,LA/ASVspoof2019_LA_dev/flac/LA_D_7207687.flac,C:\Users\91807\sih\ai_voice_detector\data\fake\LA_D_7207687.wav,ok,
real,LA/ASVspoof2019_LA_dev/flac/LA_D_4580301.flac,C:\Users\91807\sih\ai_voice_detector\data\real\LA_D_4580301.wav,ok,
fake,LA/ASVspoof2019_LA_dev/flac/LA_D_9830381.flac,C:\Users\91807\sih\ai_voice_detector\data\fake\LA_D_9830381.wav,ok,
real,LA/ASVspoof2019_LA_dev/flac/LA_D_2459993.flac,C:\Users\91807\sih\ai_voice_detector\data\real\LA_D_2459993.wav,ok,
real,LA/ASVspoof2019_LA_dev/flac/LA_D_4229637.flac,C:\Users\91807\sih\ai_voice_detector\data\real\LA_D_4229637.wav,ok,
fake,LA/ASVspoof2019_LA_dev/flac/LA_D_2350043.flac,C:\Users\91807\sih\ai_voice_detector\data\fake\LA_D_2350043.wav,ok,
real,LA/ASVspoof2019_LA_dev/flac/LA_D_4621778.flac,C:\Users\91807\sih\ai_voice_detector\data\real\LA_D_4621778.wav,ok,
real,LA/ASVspoof2019_LA_dev/flac/LA_D_8260762.flac,C:\Users\91807\sih\ai_voice_detector\data\real\LA_D_8260762.wav,ok,
real,LA/ASVspoof2019_LA_dev/flac/LA_D_9899632.flac,C:\Users\91807\sih\ai_voice_detector\data\real\LA_D_9899632.wav,ok,
real,LA/ASVspoof2019_LA_dev/flac/LA_D_8773029.flac,C:\Users\91807\sih\ai_voice_detector\data\real\LA_D_8773029.wav,ok,
real,LA/ASVspoof2019_LA_dev/flac/LA_D_5154794.flac,C:\Users\91807\sih\ai_voice_detector\data\real\LA_D_5154794.wav,ok,
fake,LA/ASVspoof2019_LA_dev/flac/LA_D_7730394.flac,C:\Users\91807\sih\ai_voice_detector\data\fake\LA_D_7730394.wav,ok,
real,LA/ASVspoof2019_LA_dev/flac/LA_D_1158837.flac,C:\Users\91807\sih\ai_voice_detector\data\real\LA_D_1158837.wav,ok,
real,LA/ASVspoof2019_LA_dev/flac/LA_D_2812544.flac,C:\Users\91807\sih\ai_voice_detector\data\real\LA_D_2812544.wav,ok,
real,LA/ASVspoof2019_LA_dev/flac/LA_D_4043027.flac,C:\Users\91807\sih\ai_voice_detector\data\real\LA_D_4043027.wav,ok,
real,LA/ASVspoof2019_LA_dev/flac/LA_D_7230566.flac,C:\Users\91807\sih\ai_voice_detector\data\real\LA_D_7230566.wav,ok,
real,LA/ASVspoof2019_LA_dev/flac/LA_D_1721527.flac,C:\Users\91807\sih\ai_voice_detector\data\real\LA_D_1721527.wav,ok,
fake,LA/ASVspoof2019_LA_dev/flac/LA_D_8111494.flac,C:\Users\91807\sih\ai_voice_detector\data\fake\LA_D_8111494.wav,ok,
fake,LA/ASVspoof2019_LA_dev/flac/LA_D_8983751.flac,C:\Users\91807\sih\ai_voice_detector\data\fake\LA_D_8983751.wav,ok,
fake,LA/ASVspoof2019_LA_dev/flac/LA_D_7916377.flac,C:\Users\91807\sih\ai_voice_detector\data\fake\LA_D_7916377.wav,ok,
real,LA/ASVspoof2019_LA_dev/flac/LA_D_5203733.flac,C:\Users\91807\sih\ai_voice_detector\data\real\LA_D_5203733.wav,ok,
real,LA/ASVspoof2019_LA_dev/flac/LA_D_7200480.flac,C:\Users\91807\sih\ai_voice_detector\data\real\LA_D_7200480.wav,ok,
real,LA/ASVspoof2019_LA_dev/flac/LA_D_4016743.flac,C:\Users\91807\sih\ai_voice_detector\data\real\LA_D_4016743.wav,ok,
fake,LA/ASVspoof2019_LA_dev/flac/LA_D_7216441.flac,C:\Users\91807\sih\ai_voice_detector\data\fake\LA_D_7216441.wav,ok,
real,LA/ASVspoof2019_LA_dev/flac/LA_D_5701193.flac,C:\Users\91807\sih\ai_voice_detector\data\real\LA_D_5701193.wav,ok,
real,LA/ASVspoof2019_LA_dev/flac/LA_D_9348533.flac,C:\Users\91807\sih\ai_voice_detector\data\real\LA_D_9348533.wav,ok,
real,LA/ASVspoof2019_LA_dev/flac/LA_D_3062025.flac,C:\Users\91807\sih\ai_voice_detector\data\real\LA_D_3062025.wav,ok,
fake,LA/ASVspoof2019_LA_dev/flac/LA_D_6497345.flac,C:\Users\91807\sih\ai_voice_detector\data\fake\LA_D_6497345.wav,ok,
fake,LA/ASVspoof2019_LA_dev/flac/LA_D_1811445.flac,C:\Users\91807\sih\ai_voice_detector\data\fake\LA_D_1811445.wav,ok,
fake,LA/ASVspoof2019_LA_dev/flac/LA_D_6590381.flac,C:\Users\91807\sih\ai_voice_detector\data\fake\LA_D_6590381.wav,ok,
real,LA/ASVspoof2019_LA_dev/flac/LA_D_1877105.flac,C:\Users\91807\sih\ai_voice_detector\data\real\LA_D_1877105.wav,ok,
fake,LA/ASVspoof2019_LA_dev/flac/LA_D_5912421.flac,C:\Users\91807\sih\ai_voice_detector\data\fake\LA_D_5912421.wav,ok,
fake,LA/ASVspoof2019_LA_dev/flac/LA_D_1321593.flac,C:\Users\91807\sih\ai_voice_detector\data\fake\LA_D_1321593.wav,ok,
fake,LA/ASVspoof2019_LA_dev/flac/LA_D_3553483.flac,C:\Users\91807\sih\ai_voice_detector\data\fake\LA_D_3553483.wav,ok,
real,LA/ASVspoof2019_LA_dev/flac/LA_D_2133778.flac,C:\Users\91807\sih\ai_voice_detector\data\real\LA_D_2133778.wav,ok,
real,LA/ASVspoof2019_LA_dev/flac/LA_D_3448074.flac,C:\Users\91807\sih\ai_voice_detector\data\real\LA_D_3448074.wav,ok,
fake,LA/ASVspoof2019_LA_dev/flac/LA_D_9836992.flac,C:\Users\91807\sih\ai_voice_detector\data\fake\LA_D_9836992.wav,ok,
fake,LA/ASVspoof2019_LA_dev/flac/LA_D_4863395.flac,C:\Users\91807\sih\ai_voice_detector\data\fake\LA_D_4863395.wav,ok,
fake,LA/ASVspoof2019_LA_dev/flac/LA_D_7190149.flac,C:\Users\91807\sih\ai_voice_detector\data\fake\LA_D_7190149.wav,ok,
real,LA/ASVspoof2019_LA_dev/flac/LA_D_8494760.flac,C:\Users\91807\sih\ai_voice_detector\data\real\LA_D_8494760.wav,ok,
real,LA/ASVspoof2019_LA_dev/flac/LA_D_4279522.flac,C:\Users\91807\sih\ai_voice_detector\data\real\LA_D_4279522.wav,ok,
fake,LA/ASVspoof2019_LA_dev/flac/LA_D_2581917.flac,C:\Users\91807\sih\ai_voice_detector\data\fake\LA_D_2581917.wav,ok,
fake,LA/ASVspoof2019_LA_dev/flac/LA_D_3745110.flac,C:\Users\91807\sih\ai_voice_detector\data\fake\LA_D_3745110.wav,ok,
real,LA/ASVspoof2019_LA_dev/flac/LA_D_8836257.flac,C:\Users\91807\sih\ai_voice_detector\data\real\LA_D_8836257.wav,ok,
fake,LA/ASVspoof2019_LA_dev/flac/LA_D_6105321.flac,C:\Users\91807\sih\ai_voice_detector\data\fake\LA_D_6105321.wav,ok,
fake,LA/ASVspoof2019_LA_dev/flac/LA_D_2916363.flac,C:\Users\91807\sih\ai_voice_detector\data\fake\LA_D_2916363.wav,ok,
real,LA/ASVspoof2019_LA_dev/flac/LA_D_6831922.flac,C:\Users\91807\sih\ai_voice_detector\data\real\LA_D_6831922.wav,ok,
real,LA/ASVspoof2019_LA_dev/flac/LA_D_8101504.flac,C:\Users\91807\sih\ai_voice_detector\data\real\LA_D_8101504.wav,ok,
real,LA/ASVspoof2019_LA_dev/flac/LA_D_6055606.flac,C:\Users\91807\sih\ai_voice_detector\data\real\LA_D_6055606.wav,ok,
fake,LA/ASVspoof2019_LA_dev/flac/LA_D_8756258.flac,C:\Users\91807\sih\ai_voice_detector\data\fake\LA_D_8756258.wav,ok,
fake,LA/ASVspoof2019_LA_dev/flac/LA_D_9213158.flac,C:\Users\91807\sih\ai_voice_detector\data\fake\LA_D_9213158.wav,ok,
fake,LA/ASVspoof2019_LA_dev/flac/LA_D_5309639.flac,C:\Users\91807\sih\ai_voice_detector\data\fake\LA_D_5309639.wav,ok,
fake,LA/ASVspoof2019_LA_dev/flac/LA_D_9474947.flac,C:\Users\91807\sih\ai_voice_detector\data\fake\LA_D_9474947.wav,ok,
fake,LA/ASVspoof2019_LA_dev/flac/LA_D_7374243.flac,C:\Users\91807\sih\ai_voice_detector\data\fake\LA_D_7374243.wav,ok,
fake,LA/ASVspoof2019_LA_dev/flac/LA_D_7659039.flac,C:\Users\91807\sih\ai_voice_detector\data\fake\LA_D_7659039.wav,ok,
real,LA/ASVspoof2019_LA_dev/flac/LA_D_1239715.flac,C:\Users\91807\sih\ai_voice_detector\data\real\LA_D_1239715.wav,ok,
fake,LA/ASVspoof2019_LA_dev/flac/LA_D_2924653.flac,C:\Users\91807\sih\ai_voice_detector\data\fake\LA_D_2924653.wav,ok,
fake,LA/ASVspoof2019_LA_dev/flac/LA_D_6230517.flac,C:\Users\91807\sih\ai_voice_detector\data\fake\LA_D_6230517.wav,ok,
real,LA/ASVspoof2019_LA_dev/flac/LA_D_3316221.flac,C:\Users\91807\sih\ai_voice_detector\data\real\LA_D_3316221.wav,ok,
fake,LA/ASVspoof2019_LA_dev/flac/LA_D_8192880.flac,C:\Users\91807\sih\ai_voice_detector\data\fake\LA_D_8192880.wav,ok,
fake,LA/ASVspoof2019_LA_dev/flac/LA_D_2761640.flac,C:\Users\91807\sih\ai_voice_detector\data\fake\LA_D_2761640.wav,ok,
fake,LA/ASVspoof2019_LA_dev/flac/LA_D_6311384.flac,C:\Users\91807\sih\ai_voice_detector\data\fake\LA_D_6311384.wav,ok,
real,LA/ASVspoof2019_LA_dev/flac/LA_D_1323454.flac,C:\Users\91807\sih\ai_voice_detector\data\real\LA_D_1323454.wav,ok,
real,LA/ASVspoof2019_LA_dev/flac/LA_D_2896082.flac,C:\Users\91807\sih\ai_voice_detector\data\real\LA_D_2896082.wav,ok,
fake,LA/ASVspoof2019_LA_dev/flac/LA_D_3643347.flac,C:\Users\91807\sih\ai_voice_detector\data\fake\LA_D_3643347.wav,ok,
fake,LA/ASVspoof2019_LA_dev/flac/LA_D_9289055.flac,C:\Users\91807\sih\ai_voice_detector\data\fake\LA_D_9289055.wav,ok,
real,LA/ASVspoof2019_LA_dev/flac/LA_D_5507210.flac,C:\Users\91807\sih\ai_voice_detector\data\real\LA_D_5507210.wav,ok,
fake,LA/ASVspoof2019_LA_dev/flac/LA_D_7793474.flac,C:\Users\91807\sih\ai_voice_detector\data\fake\LA_D_7793474.wav,ok,
real,LA/ASVspoof2019_LA_dev/flac/LA_D_7783288.flac,C:\Users\91807\sih\ai_voice_detector\data\real\LA_D_7783288.wav,ok,
fake,LA/ASVspoof2019_LA_dev/flac/LA_D_1803165.flac,C:\Users\91807\sih\ai_voice_detector\data\fake\LA_D_1803165.wav,ok,
real,LA/ASVspoof2019_LA_dev/flac/LA_D_7730769.flac,C:\Users\91807\sih\ai_voice_detector\data\real\LA_D_7730769.wav,ok,
real,LA/ASVspoof2019_LA_dev/flac/LA_D_7512294.flac,C:\Users\91807\sih\ai_voice_detector\data\real\LA_D_7512294.wav,ok,
real,LA/ASVspoof2019_LA_dev/flac/LA_D_7763180.flac,C:\Users\91807\sih\ai_voice_detector\data\real\LA_D_7763180.wav,ok,
fake,LA/ASVspoof2019_LA_dev/flac/LA_D_8456039.flac,C:\Users\91807\sih\ai_voice_detector\data\fake\LA_D_8456039.wav,ok,
real,LA/ASVspoof2019_LA_dev/flac/LA_D_5631853.flac,C:\Users\91807\sih\ai_voice_detector\data\real\LA_D_5631853.wav,ok,
real,LA/ASVspoof2019_LA_dev/flac/LA_D_9132872.flac,C:\Users\91807\sih\ai_voice_detector\data\real\LA_D_9132872.wav,ok,
real,LA/ASVspoof2019_LA_dev/flac/LA_D_6609032.flac,C:\Users\91807\sih\ai_voice_detector\data\real\LA_D_6609032.wav,ok,
fake,LA/ASVspoof2019_LA_dev/flac/LA_D_9560776.flac,C:\Users\91807\sih\ai_voice_detector\data\fake\LA_D_9560776.wav,ok,
real,LA/ASVspoof2019_LA_dev/flac/LA_D_4052216.flac,C:\Users\91807\sih\ai_voice_detector\data\real\LA_D_4052216.wav,ok,
real,LA/ASVspoof2019_LA_dev/flac/LA_D_8716023.flac,C:\Users\91807\sih\ai_voice_detector\data\real\LA_D_8716023.wav,ok,
fake,LA/ASVspoof2019_LA_dev/flac/LA_D_1358996.flac,C:\Users\91807\sih\ai_voice_detector\data\fake\LA_D_1358996.wav,ok,
fake,LA/ASVspoof2019_LA_dev/flac/LA_D_9529199.flac,C:\Users\91807\sih\ai_voice_detector\data\fake\LA_D_9529199.wav,ok,
fake,LA/ASVspoof2019_LA_dev/flac/LA_D_6434721.flac,C:\Users\91807\sih\ai_voice_detector\data\fake\LA_D_6434721.wav,ok,
fake,LA/ASVspoof2019_LA_dev/flac/LA_D_3616699.flac,C:\Users\91807\sih\ai_voice_detector\data\fake\LA_D_3616699.wav,ok,
fake,LA/ASVspoof2019_LA_dev/flac/LA_D_9951278.flac,C:\Users\91807\sih\ai_voice_detector\data\fake\LA_D_9951278.wav,ok,
fake,LA/ASVspoof2019_LA_dev/flac/LA_D_5419620.flac,C:\Users\91807\sih\ai_voice_detector\data\fake\LA_D_5419620.wav,ok,
fake,LA/ASVspoof2019_LA_dev/flac/LA_D_2772831.flac,C:\Users\91807\sih\ai_voice_detector\data\fake\LA_D_2772831.wav,ok,
real,LA/ASVspoof2019_LA_dev/flac/LA_D_7518137.flac,C:\Users\91807\sih\ai_voice_detector\data\real\LA_D_7518137.wav,ok,
real,LA/ASVspoof2019_LA_dev/flac/LA_D_8428131.flac,C:\Users\91807\sih\ai_voice_detector\data\real\LA_D_8428131.wav,ok,
real,LA/ASVspoof2019_LA_dev/flac/LA_D_4224972.flac,C:\Users\91807\sih\ai_voice_detector\data\real\LA_D_4224972.wav,ok,
fake,LA/ASVspoof2019_LA_dev/flac/LA_D_5353143.flac,C:\Users\91807\sih\ai_voice_detector\data\fake\LA_D_5353143.wav,ok,
fake,LA/ASVspoof2019_LA_dev/flac/LA_D_4581987.flac,C:\Users\91807\sih\ai_voice_detector\data\fake\LA_D_4581987.wav,ok,
fake,LA/ASVspoof2019_LA_dev/flac/LA_D_5542491.flac,C:\Users\91807\sih\ai_voice_detector\data\fake\LA_D_5542491.wav,ok,
real,LA/ASVspoof2019_LA_dev/flac/LA_D_9206303.flac,C:\Users\91807\sih\ai_voice_detector\data\real\LA_D_9206303.wav,ok,
real,LA/ASVspoof2019_LA_dev/flac/LA_D_4646934.flac,C:\Users\91807\sih\ai_voice_detector\data\real\LA_D_4646934.wav,ok,
fake,LA/ASVspoof2019_LA_dev/flac/LA_D_7181310.flac,C:\Users\91807\sih\ai_voice_detector\data\fake\LA_D_7181310.wav,ok,
real,LA/ASVspoof2019_LA_dev/flac/LA_D_1173765.flac,C:\Users\91807\sih\ai_voice_detector\data\real\LA_D_1173765.wav,ok,
fake,LA/ASVspoof2019_LA_dev/flac/LA_D_1720015.flac,C:\Users\91807\sih\ai_voice_detector\data\fake\LA_D_1720015.wav,ok,
fake,LA/ASVspoof2019_LA_dev/flac/LA_D_5857300.flac,C:\Users\91807\sih\ai_voice_detector\data\fake\LA_D_5857300.wav,ok,
real,LA/ASVspoof2019_LA_dev/flac/LA_D_7718364.flac,C:\Users\91807\sih\ai_voice_detector\data\real\LA_D_7718364.wav,ok,
fake,LA/ASVspoof2019_LA_dev/flac/LA_D_6064017.flac,C:\Users\91807\sih\ai_voice_detector\data\fake\LA_D_6064017.wav,ok,
fake,LA/ASVspoof2019_LA_dev/flac/LA_D_3362119.flac,C:\Users\91807\sih\ai_voice_detector\data\fake\LA_D_3362119.wav,ok,
real,LA/ASVspoof2019_LA_dev/flac/LA_D_7449236.flac,C:\Users\91807\sih\ai_voice_detector\data\real\LA_D_7449236.wav,ok,
fake,LA/ASVspoof2019_LA_dev/flac/LA_D_9881093.flac,C:\Users\91807\sih\ai_voice_detector\data\fake\LA_D_9881093.wav,ok,
fake,LA/ASVspoof2019_LA_dev/flac/LA_D_9476215.flac,C:\Users\91807\sih\ai_voice_detector\data\fake\LA_D_9476215.wav,ok,
real,LA/ASVspoof2019_LA_dev/flac/LA_D_7731192.flac,C:\Users\91807\sih\ai_voice_detector\data\real\LA_D_7731192.wav,ok,
real,LA/ASVspoof2019_LA_dev/flac/LA_D_1306387.flac,C:\Users\91807\sih\ai_voice_detector\data\real\LA_D_1306387.wav,ok,
fake,LA/ASVspoof2019_LA_dev/flac/LA_D_9308388.flac,C:\Users\91807\sih\ai_voice_detector\data\fake\LA_D_9308388.wav,ok,
fake,LA/ASVspoof2019_LA_dev/flac/LA_D_9754579.flac,C:\Users\91807\sih\ai_voice_detector\data\fake\LA_D_9754579.wav,ok,
fake,LA/ASVspoof2019_LA_dev/flac/LA_D_9840469.flac,C:\Users\91807\sih\ai_voice_detector\data\fake\LA_D_9840469.wav,ok,
fake,LA/ASVspoof2019_LA_dev/flac/LA_D_7900417.flac,C:\Users\91807\sih\ai_voice_detector\data\fake\LA_D_7900417.wav,ok,
fake,LA/ASVspoof2019_LA_dev/flac/LA_D_7870101.flac,C:\Users\91807\sih\ai_voice_detector\data\fake\LA_D_7870101.wav,ok,
real,LA/ASVspoof2019_LA_dev/flac/LA_D_9357270.flac,C:\Users\91807\sih\ai_voice_detector\data\real\LA_D_9357270.wav,ok,
fake,LA/ASVspoof2019_LA_dev/flac/LA_D_7604548.flac,C:\Users\91807\sih\ai_voice_detector\data\fake\LA_D_7604548.wav,ok,
fake,LA/ASVspoof2019_LA_dev/flac/LA_D_8568137.flac,C:\Users\91807\sih\ai_voice_detector\data\fake\LA_D_8568137.wav,ok,
real,LA/ASVspoof2019_LA_dev/flac/LA_D_2976553.flac,C:\Users\91807\sih\ai_voice_detector\data\real\LA_D_2976553.wav,ok,
real,LA/ASVspoof2019_LA_dev/flac/LA_D_7765872.flac,C:\Users\91807\sih\ai_voice_detector\data\real\LA_D_7765872.wav,ok,
fake,LA/ASVspoof2019_LA_dev/flac/LA_D_5171645.flac,C:\Users\91807\sih\ai_voice_detector\data\fake\LA_D_5171645.wav,ok,
real,LA/ASVspoof2019_LA_dev/flac/LA_D_8140900.flac,C:\Users\91807\sih\ai_voice_detector\data\real\LA_D_8140900.wav,ok,
fake,LA/ASVspoof2019_LA_dev/flac/LA_D_4648977.flac,C:\Users\91807\sih\ai_voice_detector\data\fake\LA_D_4648977.wav,ok,
fake,LA/ASVspoof2019_LA_dev/flac/LA_D_1704161.flac,C:\Users\91807\sih\ai_voice_detector\data\fake\LA_D_1704161.wav,ok,
fake,LA/ASVspoof2019_LA_dev/flac/LA_D_9483474.flac,C:\Users\91807\sih\ai_voice_detector\data\fake\LA_D_9483474.wav,ok,
real,LA/ASVspoof2019_LA_dev/flac/LA_D_4586853.flac,C:\Users\91807\sih\ai_voice_detector\data\real\LA_D_4586853.wav,ok,
fake,LA/ASVspoof2019_LA_dev/flac/LA_D_4613959.flac,C:\Users\91807\sih\ai_voice_detector\data\fake\LA_D_4613959.wav,ok,
fake,LA/ASVspoof2019_LA_dev/flac/LA_D_4253580.flac,C:\Users\91807\sih\ai_voice_detector\data\fake\LA_D_4253580.wav,ok,
real,LA/ASVspoof2019_LA_dev/flac/LA_D_8316995.flac,C:\Users\91807\sih\ai_voice_detector\data\real\LA_D_8316995.wav,ok,
fake,LA/ASVspoof2019_LA_dev/flac/LA_D_9522404.flac,C:\Users\91807\sih\ai_voice_detector\data\fake\LA_D_9522404.wav,ok,
real,LA/ASVspoof2019_LA_dev/flac/LA_D_1764120.flac,C:\Users\91807\sih\ai_voice_detector\data\real\LA_D_1764120.wav,ok,
real,LA/ASVspoof2019_LA_dev/flac/LA_D_3198087.flac,C:\Users\91807\sih\ai_voice_detector\data\real\LA_D_3198087.wav,ok,
real,LA/ASVspoof2019_LA_dev/flac/LA_D_7109425.flac,C:\Users\91807\sih\ai_voice_detector\data\real\LA_D_7109425.wav,ok,
real,LA/ASVspoof2019_LA_dev/flac/LA_D_6636661.flac,C:\Users\91807\sih\ai_voice_detector\data\real\LA_D_6636661.wav,ok,
fake,LA/ASVspoof2019_LA_dev/flac/LA_D_9171147.flac,C:\Users\91807\sih\ai_voice_detector\data\fake\LA_D_9171147.wav,ok,
fake,LA/ASVspoof2019_LA_dev/flac/LA_D_6131696.flac,C:\Users\91807\sih\ai_voice_detector\data\fake\LA_D_6131696.wav,ok,
real,LA/ASVspoof2019_LA_dev/flac/LA_D_5412149.flac,C:\Users\91807\sih\ai_voice_detector\data\real\LA_D_5412149.wav,ok,
fake,LA/ASVspoof2019_LA_dev/flac/LA_D_3925971.flac,C:\Users\91807\sih\ai_voice_detector\data\fake\LA_D_3925971.wav,ok,
fake,LA/ASVspoof2019_LA_dev/flac/LA_D_6652666.flac,C:\Users\91807\sih\ai_voice_detector\data\fake\LA_D_6652666.wav,ok,
real,LA/ASVspoof2019_LA_dev/flac/LA_D_8980393.flac,C:\Users\91807\sih\ai_voice_detector\data\real\LA_D_8980393.wav,ok,
fake,LA/ASVspoof2019_LA_dev/flac/LA_D_4207896.flac,C:\Users\91807\sih\ai_voice_detector\data\fake\LA_D_4207896.wav,ok,
fake,LA/ASVspoof2019_LA_dev/flac/LA_D_3353739.flac,C:\Users\91807\sih\ai_voice_detector\data\fake\LA_D_3353739.wav,ok,
fake,LA/ASVspoof2019_LA_dev/flac/LA_D_9934914.flac,C:\Users\91807\sih\ai_voice_detector\data\fake\LA_D_9934914.wav,ok,
fake,LA/ASVspoof2019_LA_dev/flac/LA_D_2395644.flac,C:\Users\91807\sih\ai_voice_detector\data\fake\LA_D_2395644.wav,ok,
fake,LA/ASVspoof2019_LA_dev/flac/LA_D_9708860.flac,C:\Users\91807\sih\ai_voice_detector\data\fake\LA_D_9708860.wav,ok,
fake,LA/ASVspoof2019_LA_dev/flac/LA_D_9310155.flac,C:\Users\91807\sih\ai_voice_detector\data\fake\LA_D_9310155.wav,ok,
real,LA/ASVspoof2019_LA_dev/flac/LA_D_9039771.flac,C:\Users\91807\sih\ai_voice_detector\data\real\LA_D_9039771.wav,ok,
fake,LA/ASVspoof2019_LA_dev/flac/LA_D_2276956.flac,C:\Users\91807\sih\ai_voice_detector\data\fake\LA_D_2276956.wav,ok,
fake,LA/ASVspoof2019_LA_dev/flac/LA_D_3333538.flac,C:\Users\91807\sih\ai_voice_detector\data\fake\LA_D_3333538.wav,ok,
real,LA/ASVspoof2019_LA_dev/flac/LA_D_8498981.flac,C:\Users\91807\sih\ai_voice_detector\data\real\LA_D_8498981.wav,ok,
real,LA/ASVspoof2019_LA_dev/flac/LA_D_1239754.flac,C:\Users\91807\sih\ai_voice_detector\data\real\LA_D_1239754.wav,ok,
real,LA/ASVspoof2019_LA_dev/flac/LA_D_6254318.flac,C:\Users\91807\sih\ai_voice_detector\data\real\LA_D_6254318.wav,ok,
real,LA/ASVspoof2019_LA_dev/flac/LA_D_5039802.flac,C:\Users\91807\sih\ai_voice_detector\data\real\LA_D_5039802.wav,ok,
real,LA/ASVspoof2019_LA_dev/flac/LA_D_3703286.flac,C:\Users\91807\sih\ai_voice_detector\data\real\LA_D_3703286.wav,ok,
real,LA/ASVspoof2019_LA_dev/flac/LA_D_9272509.flac,C:\Users\91807\sih\ai_voice_detector\data\real\LA_D_9272509.wav,ok,
fake,LA/ASVspoof2019_LA_dev/flac/LA_D_1240926.flac,C:\Users\91807\sih\ai_voice_detector\data\fake\LA_D_1240926.wav,ok,
real,LA/ASVspoof2019_LA_dev/flac/LA_D_9622791.flac,C:\Users\91807\sih\ai_voice_detector\data\real\LA_D_9622791.wav,ok,
real,LA/ASVspoof2019_LA_dev/flac/LA_D_5932613.flac,C:\Users\91807\sih\ai_voice_detector\data\real\LA_D_5932613.wav,ok,
real,LA/ASVspoof2019_LA_dev/flac/LA_D_1575443.flac,C:\Users\91807\sih\ai_voice_detector\data\real\LA_D_1575443.wav,ok,
fake,LA/ASVspoof2019_LA_dev/flac/LA_D_6518612.flac,C:\Users\91807\sih\ai_voice_detector\data\fake\LA_D_6518612.wav,ok,
fake,LA/ASVspoof2019_LA_dev/flac/LA_D_2551261.flac,C:\Users\91807\sih\ai_voice_detector\data\fake\LA_D_2551261.wav,ok,
real,LA/ASVspoof2019_LA_dev/flac/LA_D_7786543.flac,C:\Users\91807\sih\ai_voice_detector\data\real\LA_D_7786543.wav,ok,
fake,LA/ASVspoof2019_LA_dev/flac/LA_D_2871146.flac,C:\Users\91807\sih\ai_voice_detector\data\fake\LA_D_2871146.wav,ok,
real,LA/ASVspoof2019_LA_dev/flac/LA_D_3444700.flac,C:\Users\91807\sih\ai_voice_detector\data\real\LA_D_3444700.wav,ok,
fake,LA/ASVspoof2019_LA_dev/flac/LA_D_4859889.flac,C:\Users\91807\sih\ai_voice_detector\data\fake\LA_D_4859889.wav,ok,
real,LA/ASVspoof2019_LA_dev/flac/LA_D_4052746.flac,C:\Users\91807\sih\ai_voice_detector\data\real\LA_D_4052746.wav,ok,
fake,LA/ASVspoof2019_LA_dev/flac/LA_D_1200542.flac,C:\Users\91807\sih\ai_voice_detector\data\fake\LA_D_1200542.wav,ok,
real,LA/ASVspoof2019_LA_dev/flac/LA_D_4226294.flac,C:\Users\91807\sih\ai_voice_detector\data\real\LA_D_4226294.wav,ok,
real,LA/ASVspoof2019_LA_dev/flac/LA_D_7870292.flac,C:\Users\91807\sih\ai_voice_detector\data\real\LA_D_7870292.wav,ok,
real,LA/ASVspoof2019_LA_dev/flac/LA_D_9458567.flac,C:\Users\91807\sih\ai_voice_detector\data\real\LA_D_9458567.wav,ok,
real,LA/ASVspoof2019_LA_dev/flac/LA_D_5192077.flac,C:\Users\91807\sih\ai_voice_detector\data\real\LA_D_5192077.wav,ok,
fake,LA/ASVspoof2019_LA_dev/flac/LA_D_8111703.flac,C:\Users\91807\sih\ai_voice_detector\data\fake\LA_D_8111703.wav,ok,
real,LA/ASVspoof2019_LA_dev/flac/LA_D_7463826.flac,C:\Users\91807\sih\ai_voice_detector\data\real\LA_D_7463826.wav,ok,
real,LA/ASVspoof2019_LA_dev/flac/LA_D_4455776.flac,C:\Users\91807\sih\ai_voice_detector\data\real\LA_D_4455776.wav,ok,
real,LA/ASVspoof2019_LA_dev/flac/LA_D_2990661.flac,C:\Users\91807\sih\ai_voice_detector\data\real\LA_D_2990661.wav,ok,
real,LA/ASVspoof2019_LA_dev/flac/LA_D_1426585.flac,C:\Users\91807\sih\ai_voice_detector\data\real\LA_D_1426585.wav,ok,
real,LA/ASVspoof2019_LA_dev/flac/LA_D_4807096.flac,C:\Users\91807\sih\ai_voice_detector\data\real\LA_D_4807096.wav,ok,
real,LA/ASVspoof2019_LA_dev/flac/LA_D_9080371.flac,C:\Users\91807\sih\ai_voice_detector\data\real\LA_D_9080371.wav,ok,
real,LA/ASVspoof2019_LA_dev/flac/LA_D_3155945.flac,C:\Users\91807\sih\ai_voice_detector\data\real\LA_D_3155945.wav,ok,
fake,LA/ASVspoof2019_LA_dev/flac/LA_D_1002910.flac,C:\Users\91807\sih\ai_voice_detector\data\fake\LA_D_1002910.wav,ok,
fake,LA/ASVspoof2019_LA_dev/flac/LA_D_2723301.flac,C:\Users\91807\sih\ai_voice_detector\data\fake\LA_D_2723301.wav,ok,
real,LA/ASVspoof2019_LA_dev/flac/LA_D_1467031.flac,C:\Users\91807\sih\ai_voice_detector\data\real\LA_D_1467031.wav,ok,
real,LA/ASVspoof2019_LA_dev/flac/LA_D_8314448.flac,C:\Users\91807\sih\ai_voice_detector\data\real\LA_D_8314448.wav,ok,
real,LA/ASVspoof2019_LA_dev/flac/LA_D_8126437.flac,C:\Users\91807\sih\ai_voice_detector\data\real\LA_D_8126437.wav,ok,
fake,LA/ASVspoof2019_LA_dev/flac/LA_D_4680031.flac,C:\Users\91807\sih\ai_voice_detector\data\fake\LA_D_4680031.wav,ok,
real,LA/ASVspoof2019_LA_dev/flac/LA_D_8438363.flac,C:\Users\91807\sih\ai_voice_detector\data\real\LA_D_8438363.wav,ok,
real,LA/ASVspoof2019_LA_dev/flac/LA_D_2839913.flac,C:\Users\91807\sih\ai_voice_detector\data\real\LA_D_2839913.wav,ok,
real,LA/ASVspoof2019_LA_dev/flac/LA_D_8672699.flac,C:\Users\91807\sih\ai_voice_detector\data\real\LA_D_8672699.wav,ok,
real,LA/ASVspoof2019_LA_dev/flac/LA_D_4962492.flac,C:\Users\91807\sih\ai_voice_detector\data\real\LA_D_4962492.wav,ok,
fake,LA/ASVspoof2019_LA_dev/flac/LA_D_8992743.flac,C:\Users\91807\sih\ai_voice_detector\data\fake\LA_D_8992743.wav,ok,
fake,LA/ASVspoof2019_LA_dev/flac/LA_D_9023318.flac,C:\Users\91807\sih\ai_voice_detector\data\fake\LA_D_9023318.wav,ok,
real,LA/ASVspoof2019_LA_dev/flac/LA_D_1969568.flac,C:\Users\91807\sih\ai_voice_detector\data\real\LA_D_1969568.wav,ok,
real,LA/ASVspoof2019_LA_dev/flac/LA_D_1782314.flac,C:\Users\91807\sih\ai_voice_detector\data\real\LA_D_1782314.wav,ok,
real,LA/ASVspoof2019_LA_dev/flac/LA_D_1330775.flac,C:\Users\91807\sih\ai_voice_detector\data\real\LA_D_1330775.wav,ok,
real,LA/ASVspoof2019_LA_dev/flac/LA_D_7512726.flac,C:\Users\91807\sih\ai_voice_detector\data\real\LA_D_7512726.wav,ok,
fake,LA/ASVspoof2019_LA_dev/flac/LA_D_2573622.flac,C:\Users\91807\sih\ai_voice_detector\data\fake\LA_D_2573622.wav,ok,
real,LA/ASVspoof2019_LA_dev/flac/LA_D_5952548.flac,C:\Users\91807\sih\ai_voice_detector\data\real\LA_D_5952548.wav,ok,
real,LA/ASVspoof2019_LA_dev/flac/LA_D_9091023.flac,C:\Users\91807\sih\ai_voice_detector\data\real\LA_D_9091023.wav,ok,
real,LA/ASVspoof2019_LA_dev/flac/LA_D_7255005.flac,C:\Users\91807\sih\ai_voice_detector\data\real\LA_D_7255005.wav,ok,
real,LA/ASVspoof2019_LA_dev/flac/LA_D_2905424.flac,C:\Users\91807\sih\ai_voice_detector\data\real\LA_D_2905424.wav,ok,
real,LA/ASVspoof2019_LA_dev/flac/LA_D_3776953.flac,C:\Users\91807\sih\ai_voice_detector\data\real\LA_D_3776953.wav,ok,
fake,LA/ASVspoof2019_LA_dev/flac/LA_D_3980920.flac,C:\Users\91807\sih\ai_voice_detector\data\fake\LA_D_3980920.wav,ok,
fake,LA/ASVspoof2019_LA_dev/flac/LA_D_8708922.flac,C:\Users\91807\sih\ai_voice_detector\data\fake\LA_D_8708922.wav,ok,
real,LA/ASVspoof2019_LA_dev/flac/LA_D_9689549.flac,C:\Users\91807\sih\ai_voice_detector\data\real\LA_D_9689549.wav,ok,
fake,LA/ASVspoof2019_LA_dev/flac/LA_D_1825844.flac,C:\Users\91807\sih\ai_voice_detector\data\fake\LA_D_1825844.wav,ok,
fake,LA/ASVspoof2019_LA_dev/flac/LA_D_6544417.flac,C:\Users\91807\sih\ai_voice_detector\data\fake\LA_D_6544417.wav,ok,
real,LA/ASVspoof2019_LA_dev/flac/LA_D_9433165.flac,C:\Users\91807\sih\ai_voice_detector\data\real\LA_D_9433165.wav,ok,
fake,LA/ASVspoof2019_LA_dev/flac/LA_D_8675909.flac,C:\Users\91807\sih\ai_voice_detector\data\fake\LA_D_8675909.wav,ok,
fake,LA/ASVspoof2019_LA_dev/flac/LA_D_6178698.flac,C:\Users\91807\sih\ai_voice_detector\data\fake\LA_D_6178698.wav,ok,
fake,LA/ASVspoof2019_LA_dev/flac/LA_D_6933737.flac,C:\Users\91807\sih\ai_voice_detector\data\fake\LA_D_6933737.wav,ok,
real,LA/ASVspoof2019_LA_dev/flac/LA_D_9239572.flac,C:\Users\91807\sih\ai_voice_detector\data\real\LA_D_9239572.wav,ok,
real,LA/ASVspoof2019_LA_dev/flac/LA_D_1788083.flac,C:\Users\91807\sih\ai_voice_detector\data\real\LA_D_1788083.wav,ok,
fake,LA/ASVspoof2019_LA_dev/flac/LA_D_4589187.flac,C:\Users\91807\sih\ai_voice_detector\data\fake\LA_D_4589187.wav,ok,
fake,LA/ASVspoof2019_LA_dev/flac/LA_D_8315223.flac,C:\Users\91807\sih\ai_voice_detector\data\fake\LA_D_8315223.wav,ok,
real,LA/ASVspoof2019_LA_dev/flac/LA_D_8679267.flac,C:\Users\91807\sih\ai_voice_detector\data\real\LA_D_8679267.wav,ok,
fake,LA/ASVspoof2019_LA_dev/flac/LA_D_1753198.flac,C:\Users\91807\sih\ai_voice_detector\data\fake\LA_D_1753198.wav,ok,
fake,LA/ASVspoof2019_LA_dev/flac/LA_D_1561860.flac,C:\Users\91807\sih\ai_voice_detector\data\fake\LA_D_1561860.wav,ok,
real,LA/ASVspoof2019_LA_dev/flac/LA_D_8899399.flac,C:\Users\91807\sih\ai_voice_detector\data\real\LA_D_8899399.wav,ok,
fake,LA/ASVspoof2019_LA_dev/flac/LA_D_9221421.flac,C:\Users\91807\sih\ai_voice_detector\data\fake\LA_D_9221421.wav,ok,
fake,LA/ASVspoof2019_LA_dev/flac/LA_D_3707430.flac,C:\Users\91807\sih\ai_voice_detector\data\fake\LA_D_3707430.wav,ok,
real,LA/ASVspoof2019_LA_dev/flac/LA_D_6480348.flac,C:\Users\91807\sih\ai_voice_detector\data\real\LA_D_6480348.wav,ok,
real,LA/ASVspoof2019_LA_dev/flac/LA_D_9737719.flac,C:\Users\91807\sih\ai_voice_detector\data\real\LA_D_9737719.wav,ok,
real,LA/ASVspoof2019_LA_dev/flac/LA_D_9057299.flac,C:\Users\91807\sih\ai_voice_detector\data\real\LA_D_9057299.wav,ok,
real,LA/ASVspoof2019_LA_dev/flac/LA_D_1696066.flac,C:\Users\91807\sih\ai_voice_detector\data\real\LA_D_1696066.wav,ok,
fake,LA/ASVspoof2019_LA_dev/flac/LA_D_6322392.flac,C:\Users\91807\sih\ai_voice_detector\data\fake\LA_D_6322392.wav,ok,
fake,LA/ASVspoof2019_LA_dev/flac/LA_D_7660396.flac,C:\Users\91807\sih\ai_voice_detector\data\fake\LA_D_7660396.wav,ok,
fake,LA/ASVspoof2019_LA_dev/flac/LA_D_9826064.flac,C:\Users\91807\sih\ai_voice_detector\data\fake\LA_D_9826064.wav,ok,
fake,LA/ASVspoof2019_LA_dev/flac/LA_D_1332227.flac,C:\Users\91807\sih\ai_voice_detector\data\fake\LA_D_1332227.wav,ok,
real,LA/ASVspoof2019_LA_dev/flac/LA_D_5071715.flac,C:\Users\91807\sih\ai_voice_detector\data\real\LA_D_5071715.wav,ok,
fake,LA/ASVspoof2019_LA_dev/flac/LA_D_3016130.flac,C:\Users\91807\sih\ai_voice_detector\data\fake\LA_D_3016130.wav,ok,
fake,LA/ASVspoof2019_LA_dev/flac/LA_D_7634677.flac,C:\Users\91807\sih\ai_voice_detector\data\fake\LA_D_7634677.wav,ok,
fake,LA/ASVspoof2019_LA_dev/flac/LA_D_5111401.flac,C:\Users\91807\sih\ai_voice_detector\data\fake\LA_D_5111401.wav,ok,
real,LA/ASVspoof2019_LA_dev/flac/LA_D_9628533.flac,C:\Users\91807\sih\ai_voice_detector\data\real\LA_D_9628533.wav,ok,
fake,LA/ASVspoof2019_LA_dev/flac/LA_D_4098613.flac,C:\Users\91807\sih\ai_voice_detector\data\fake\LA_D_4098613.wav,ok,
real,LA/ASVspoof2019_LA_dev/flac/LA_D_9288302.flac,C:\Users\91807\sih\ai_voice_detector\data\real\LA_D_9288302.wav,ok,
fake,LA/ASVspoof2019_LA_dev/flac/LA_D_3079188.flac,C:\Users\91807\sih\ai_voice_detector\data\fake\LA_D_3079188.wav,ok,
fake,LA/ASVspoof2019_LA_dev/flac/LA_D_7760383.flac,C:\Users\91807\sih\ai_voice_detector\data\fake\LA_D_7760383.wav,ok,
real,LA/ASVspoof2019_LA_dev/flac/LA_D_8130173.flac,C:\Users\91807\sih\ai_voice_detector\data\real\LA_D_8130173.wav,ok,
fake,LA/ASVspoof2019_LA_dev/flac/LA_D_8769496.flac,C:\Users\91807\sih\ai_voice_detector\data\fake\LA_D_8769496.wav,ok,
fake,LA/ASVspoof2019_LA_dev/flac/LA_D_4764995.flac,C:\Users\91807\sih\ai_voice_detector\data\fake\LA_D_4764995.wav,ok,
real,LA/ASVspoof2019_LA_dev/flac/LA_D_3369144.flac,C:\Users\91807\sih\ai_voice_detector\data\real\LA_D_3369144.wav,ok,
fake,LA/ASVspoof2019_LA_dev/flac/LA_D_7403792.flac,C:\Users\91807\sih\ai_voice_detector\data\fake\LA_D_7403792.wav,ok,
fake,LA/ASVspoof2019_LA_dev/flac/LA_D_2712659.flac,C:\Users\91807\sih\ai_voice_detector\data\fake\LA_D_2712659.wav,ok,
real,LA/ASVspoof2019_LA_dev/flac/LA_D_2972247.flac,C:\Users\91807\sih\ai_voice_detector\data\real\LA_D_2972247.wav,ok,
real,LA/ASVspoof2019_LA_dev/flac/LA_D_5431156.flac,C:\Users\91807\sih\ai_voice_detector\data\real\LA_D_5431156.wav,ok,
real,LA/ASVspoof2019_LA_dev/flac/LA_D_1975696.flac,C:\Users\91807\sih\ai_voice_detector\data\real\LA_D_1975696.wav,ok,
fake,LA/ASVspoof2019_LA_dev/flac/LA_D_2731107.flac,C:\Users\91807\sih\ai_voice_detector\data\fake\LA_D_2731107.wav,ok,
real,LA/ASVspoof2019_LA_dev/flac/LA_D_3956242.flac,C:\Users\91807\sih\ai_voice_detector\data\real\LA_D_3956242.wav,ok,
fake,LA/ASVspoof2019_LA_dev/flac/LA_D_6413462.flac,C:\Users\91807\sih\ai_voice_detector\data\fake\LA_D_6413462.wav,ok,
fake,LA/ASVspoof2019_LA_dev/flac/LA_D_3368702.flac,C:\Users\91807\sih\ai_voice_detector\data\fake\LA_D_3368702.wav,ok,
fake,LA/ASVspoof2019_LA_dev/flac/LA_D_6241740.flac,C:\Users\91807\sih\ai_voice_detector\data\fake\LA_D_6241740.wav,ok,
fake,LA/ASVspoof2019_LA_dev/flac/LA_D_7816846.flac,C:\Users\91807\sih\ai_voice_detector\data\fake\LA_D_7816846.wav,ok,
real,LA/ASVspoof2019_LA_dev/flac/LA_D_9786399.flac,C:\Users\91807\sih\ai_voice_detector\data\real\LA_D_9786399.wav,ok,
real,LA/ASVspoof2019_LA_dev/flac/LA_D_1518150.flac,C:\Users\91807\sih\ai_voice_detector\data\real\LA_D_1518150.wav,ok,
real,LA/ASVspoof2019_LA_dev/flac/LA_D_4945608.flac,C:\Users\91807\sih\ai_voice_detector\data\real\LA_D_4945608.wav,ok,
real,LA/ASVspoof2019_LA_dev/flac/LA_D_1730959.flac,C:\Users\91807\sih\ai_voice_detector\data\real\LA_D_1730959.wav,ok,
real,LA/ASVspoof2019_LA_dev/flac/LA_D_5334517.flac,C:\Users\91807\sih\ai_voice_detector\data\real\LA_D_5334517.wav,ok,
fake,LA/ASVspoof2019_LA_dev/flac/LA_D_8867270.flac,C:\Users\91807\sih\ai_voice_detector\data\fake\LA_D_8867270.wav,ok,
fake,LA/ASVspoof2019_LA_dev/flac/LA_D_1238377.flac,C:\Users\91807\sih\ai_voice_detector\data\fake\LA_D_1238377.wav,ok,
fake,LA/ASVspoof2019_LA_dev/flac/LA_D_1452190.flac,C:\Users\91807\sih\ai_voice_detector\data\fake\LA_D_1452190.wav,ok,
real,LA/ASVspoof2019_LA_dev/flac/LA_D_3698358.flac,C:\Users\91807\sih\ai_voice_detector\data\real\LA_D_3698358.wav,ok,
fake,LA/ASVspoof2019_LA_dev/flac/LA_D_9973827.flac,C:\Users\91807\sih\ai_voice_detector\data\fake\LA_D_9973827.wav,ok,
fake,LA/ASVspoof2019_LA_dev/flac/LA_D_8502516.flac,C:\Users\91807\sih\ai_voice_detector\data\fake\LA_D_8502516.wav,ok,
fake,LA/ASVspoof2019_LA_dev/flac/LA_D_1461752.flac,C:\Users\91807\sih\ai_voice_detector\data\fake\LA_D_1461752.wav,ok,
fake,LA/ASVspoof2019_LA_dev/flac/LA_D_5322570.flac,C:\Users\91807\sih\ai_voice_detector\data\fake\LA_D_5322570.wav,ok,
fake,LA/ASVspoof2019_LA_dev/flac/LA_D_6550422.flac,C:\Users\91807\sih\ai_voice_detector\data\fake\LA_D_6550422.wav,ok,
real,LA/ASVspoof2019_LA_dev/flac/LA_D_3477067.flac,C:\Users\91807\sih\ai_voice_detector\data\real\LA_D_3477067.wav,ok,
real,LA/ASVspoof2019_LA_dev/flac/LA_D_8049554.flac,C:\Users\91807\sih\ai_voice_detector\data\real\LA_D_8049554.wav,ok,
real,LA/ASVspoof2019_LA_dev/flac/LA_D_2684373.flac,C:\Users\91807\sih\ai_voice_detector\data\real\LA_D_2684373.wav,ok,
fake,LA/ASVspoof2019_LA_dev/flac/LA_D_8604643.flac,C:\Users\91807\sih\ai_voice_detector\data\fake\LA_D_8604643.wav,ok,
real,LA/ASVspoof2019_LA_dev/flac/LA_D_4620892.flac,C:\Users\91807\sih\ai_voice_detector\data\real\LA_D_4620892.wav,ok,
fake,LA/ASVspoof2019_LA_dev/flac/LA_D_8169185.flac,C:\Users\91807\sih\ai_voice_detector\data\fake\LA_D_8169185.wav,ok,
real,LA/ASVspoof2019_LA_dev/flac/LA_D_2740232.flac,C:\Users\91807\sih\ai_voice_detector\data\real\LA_D_2740232.wav,ok,
fake,LA/ASVspoof2019_LA_dev/flac/LA_D_9285961.flac,C:\Users\91807\sih\ai_voice_detector\data\fake\LA_D_9285961.wav,ok,
fake,LA/ASVspoof2019_LA_dev/flac/LA_D_7993138.flac,C:\Users\91807\sih\ai_voice_detector\data\fake\LA_D_7993138.wav,ok,
real,LA/ASVspoof2019_LA_dev/flac/LA_D_3329060.flac,C:\Users\91807\sih\ai_voice_detector\data\real\LA_D_3329060.wav,ok,
fake,LA/ASVspoof2019_LA_dev/flac/LA_D_2607786.flac,C:\Users\91807\sih\ai_voice_detector\data\fake\LA_D_2607786.wav,ok,
real,LA/ASVspoof2019_LA_dev/flac/LA_D_3760202.flac,C:\Users\91807\sih\ai_voice_detector\data\real\LA_D_3760202.wav,ok,
real,LA/ASVspoof2019_LA_dev/flac/LA_D_6236753.flac,C:\Users\91807\sih\ai_voice_detector\data\real\LA_D_6236753.wav,ok,
real,LA/ASVspoof2019_LA_dev/flac/LA_D_7089929.flac,C:\Users\91807\sih\ai_voice_detector\data\real\LA_D_7089929.wav,ok,
real,LA/ASVspoof2019_LA_dev/flac/LA_D_4777881.flac,C:\Users\91807\sih\ai_voice_detector\data\real\LA_D_4777881.wav,ok,
fake,LA/ASVspoof2019_LA_dev/flac/LA_D_6196078.flac,C:\Users\91807\sih\ai_voice_detector\data\fake\LA_D_6196078.wav,ok,
real,LA/ASVspoof2019_LA_dev/flac/LA_D_7459649.flac,C:\Users\91807\sih\ai_voice_detector\data\real\LA_D_7459649.wav,ok,
real,LA/ASVspoof2019_LA_dev/flac/LA_D_4037283.flac,C:\Users\91807\sih\ai_voice_detector\data\real\LA_D_4037283.wav,ok,
fake,LA/ASVspoof2019_LA_dev/flac/LA_D_9895745.flac,C:\Users\91807\sih\ai_voice_detector\data\fake\LA_D_9895745.wav,ok,
fake,LA/ASVspoof2019_LA_dev/flac/LA_D_5165861.flac,C:\Users\91807\sih\ai_voice_detector\data\fake\LA_D_5165861.wav,ok,
fake,LA/ASVspoof2019_LA_dev/flac/LA_D_7522206.flac,C:\Users\91807\sih\ai_voice_detector\data\fake\LA_D_7522206.wav,ok,
fake,LA/ASVspoof2019_LA_dev/flac/LA_D_2761884.flac,C:\Users\91807\sih\ai_voice_detector\data\fake\LA_D_2761884.wav,ok,
real,LA/ASVspoof2019_LA_dev/flac/LA_D_8017606.flac,C:\Users\91807\sih\ai_voice_detector\data\real\LA_D_8017606.wav,ok,
real,LA/ASVspoof2019_LA_dev/flac/LA_D_8006339.flac,C:\Users\91807\sih\ai_voice_detector\data\real\LA_D_8006339.wav,ok,
real,LA/ASVspoof2019_LA_dev/flac/LA_D_3233966.flac,C:\Users\91807\sih\ai_voice_detector\data\real\LA_D_3233966.wav,ok,
real,LA/ASVspoof2019_LA_dev/flac/LA_D_5349132.flac,C:\Users\91807\sih\ai_voice_detector\data\real\LA_D_5349132.wav,ok,
fake,LA/ASVspoof2019_LA_dev/flac/LA_D_3441350.flac,C:\Users\91807\sih\ai_voice_detector\data\fake\LA_D_3441350.wav,ok,
fake,LA/ASVspoof2019_LA_dev/flac/LA_D_7209965.flac,C:\Users\91807\sih\ai_voice_detector\data\fake\LA_D_7209965.wav,ok,
real,LA/ASVspoof2019_LA_dev/flac/LA_D_9750223.flac,C:\Users\91807\sih\ai_voice_detector\data\real\LA_D_9750223.wav,ok,
fake,LA/ASVspoof2019_LA_dev/flac/LA_D_8433871.flac,C:\Users\91807\sih\ai_voice_detector\data\fake\LA_D_8433871.wav,ok,
real,LA/ASVspoof2019_LA_dev/flac/LA_D_5110502.flac,C:\Users\91807\sih\ai_voice_detector\data\real\LA_D_5110502.wav,ok,
real,LA/ASVspoof2019_LA_dev/flac/LA_D_9980740.flac,C:\Users\91807\sih\ai_voice_detector\data\real\LA_D_9980740.wav,ok,
fake,LA/ASVspoof2019_LA_dev/flac/LA_D_9744020.flac,C:\Users\91807\sih\ai_voice_detector\data\fake\LA_D_9744020.wav,ok,
fake,LA/ASVspoof2019_LA_dev/flac/LA_D_1728920.flac,C:\Users\91807\sih\ai_voice_detector\data\fake\LA_D_1728920.wav,ok,
fake,LA/ASVspoof2019_LA_dev/flac/LA_D_6317931.flac,C:\Users\91807\sih\ai_voice_detector\data\fake\LA_D_6317931.wav,ok,
real,LA/ASVspoof2019_LA_dev/flac/LA_D_9442194.flac,C:\Users\91807\sih\ai_voice_detector\data\real\LA_D_9442194.wav,ok,
fake,LA/ASVspoof2019_LA_dev/flac/LA_D_5219547.flac,C:\Users\91807\sih\ai_voice_detector\data\fake\LA_D_5219547.wav,ok,
fake,LA/ASVspoof2019_LA_dev/flac/LA_D_2168663.flac,C:\Users\91807\sih\ai_voice_detector\data\fake\LA_D_2168663.wav,ok,
fake,LA/ASVspoof2019_LA_dev/flac/LA_D_8222349.flac,C:\Users\91807\sih\ai_voice_detector\data\fake\LA_D_8222349.wav,ok,
real,LA/ASVspoof2019_LA_dev/flac/LA_D_9631448.flac,C:\Users\91807\sih\ai_voice_detector\data\real\LA_D_9631448.wav,ok,
fake,LA/ASVspoof2019_LA_dev/flac/LA_D_3754369.flac,C:\Users\91807\sih\ai_voice_detector\data\fake\LA_D_3754369.wav,ok,
real,LA/ASVspoof2019_LA_dev/flac/LA_D_4083478.flac,C:\Users\91807\sih\ai_voice_detector\data\real\LA_D_4083478.wav,ok,
real,LA/ASVspoof2019_LA_dev/flac/LA_D_8313645.flac,C:\Users\91807\sih\ai_voice_detector\data\real\LA_D_8313645.wav,ok,
fake,LA/ASVspoof2019_LA_dev/flac/LA_D_7705939.flac,C:\Users\91807\sih\ai_voice_detector\data\fake\LA_D_7705939.wav,ok,
real,LA/ASVspoof2019_LA_dev/flac/LA_D_6848115.flac,C:\Users\91807\sih\ai_voice_detector\data\real\LA_D_6848115.wav,ok,
fake,LA/ASVspoof2019_LA_dev/flac/LA_D_7473728.flac,C:\Users\91807\sih\ai_voice_detector\data\fake\LA_D_7473728.wav,ok,
fake,LA/ASVspoof2019_LA_dev/flac/LA_D_7009295.flac,C:\Users\91807\sih\ai_voice_detector\data\fake\LA_D_7009295.wav,ok,
fake,LA/ASVspoof2019_LA_dev/flac/LA_D_2414625.flac,C:\Users\91807\sih\ai_voice_detector\data\fake\LA_D_2414625.wav,ok,
fake,LA/ASVspoof2019_LA_dev/flac/LA_D_3434212.flac,C:\Users\91807\sih\ai_voice_detector\data\fake\LA_D_3434212.wav,ok,
fake,LA/ASVspoof2019_LA_dev/flac/LA_D_6173156.flac,C:\Users\91807\sih\ai_voice_detector\data\fake\LA_D_6173156.wav,ok,
real,LA/ASVspoof2019_LA_dev/flac/LA_D_7981085.flac,C:\Users\91807\sih\ai_voice_detector\data\real\LA_D_7981085.wav,ok,
real,LA/ASVspoof2019_LA_dev/flac/LA_D_8184787.flac,C:\Users\91807\sih\ai_voice_detector\data\real\LA_D_8184787.wav,ok,
fake,LA/ASVspoof2019_LA_dev/flac/LA_D_4791058.flac,C:\Users\91807\sih\ai_voice_detector\data\fake\LA_D_4791058.wav,ok,
real,LA/ASVspoof2019_LA_dev/flac/LA_D_8635731.flac,C:\Users\91807\sih\ai_voice_detector\data\real\LA_D_8635731.wav,ok,
real,LA/ASVspoof2019_LA_dev/flac/LA_D_3286517.flac,C:\Users\91807\sih\ai_voice_detector\data\real\LA_D_3286517.wav,ok,
real,LA/ASVspoof2019_LA_dev/flac/LA_D_7565232.flac,C:\Users\91807\sih\ai_voice_detector\data\real\LA_D_7565232.wav,ok,
fake,LA/ASVspoof2019_LA_dev/flac/LA_D_4374092.flac,C:\Users\91807\sih\ai_voice_detector\data\fake\LA_D_4374092.wav,ok,
fake,LA/ASVspoof2019_LA_dev/flac/LA_D_4746899.flac,C:\Users\91807\sih\ai_voice_detector\data\fake\LA_D_4746899.wav,ok,
real,LA/ASVspoof2019_LA_dev/flac/LA_D_4675196.flac,C:\Users\91807\sih\ai_voice_detector\data\real\LA_D_4675196.wav,ok,
fake,LA/ASVspoof2019_LA_dev/flac/LA_D_2405764.flac,C:\Users\91807\sih\ai_voice_detector\data\fake\LA_D_2405764.wav,ok,
real,LA/ASVspoof2019_LA_dev/flac/LA_D_1833136.flac,C:\Users\91807\sih\ai_voice_detector\data\real\LA_D_1833136.wav,ok,
real,LA/ASVspoof2019_LA_dev/flac/LA_D_8553650.flac,C:\Users\91807\sih\ai_voice_detector\data\real\LA_D_8553650.wav,ok,
fake,LA/ASVspoof2019_LA_dev/flac/LA_D_2999694.flac,C:\Users\91807\sih\ai_voice_detector\data\fake\LA_D_2999694.wav,ok,
real,LA/ASVspoof2019_LA_dev/flac/LA_D_2896345.flac,C:\Users\91807\sih\ai_voice_detector\data\real\LA_D_2896345.wav,ok,
fake,LA/ASVspoof2019_LA_dev/flac/LA_D_9317094.flac,C:\Users\91807\sih\ai_voice_detector\data\fake\LA_D_9317094.wav,ok,
fake,LA/ASVspoof2019_LA_dev/flac/LA_D_2957996.flac,C:\Users\91807\sih\ai_voice_detector\data\fake\LA_D_2957996.wav,ok,
real,LA/ASVspoof2019_LA_dev/flac/LA_D_6266231.flac,C:\Users\91807\sih\ai_voice_detector\data\real\LA_D_6266231.wav,ok,
fake,LA/ASVspoof2019_LA_dev/flac/LA_D_9645639.flac,C:\Users\91807\sih\ai_voice_detector\data\fake\LA_D_9645639.wav,ok,
fake,LA/ASVspoof2019_LA_dev/flac/LA_D_7596547.flac,C:\Users\91807\sih\ai_voice_detector\data\fake\LA_D_7596547.wav,ok,
real,LA/ASVspoof2019_LA_dev/flac/LA_D_3570749.flac,C:\Users\91807\sih\ai_voice_detector\data\real\LA_D_3570749.wav,ok,
fake,LA/ASVspoof2019_LA_dev/flac/LA_D_3474870.flac,C:\Users\91807\sih\ai_voice_detector\data\fake\LA_D_3474870.wav,ok,
fake,LA/ASVspoof2019_LA_dev/flac/LA_D_6577660.flac,C:\Users\91807\sih\ai_voice_detector\data\fake\LA_D_6577660.wav,ok,
fake,LA/ASVspoof2019_LA_dev/flac/LA_D_6462722.flac,C:\Users\91807\sih\ai_voice_detector\data\fake\LA_D_6462722.wav,ok,
fake,LA/ASVspoof2019_LA_dev/flac/LA_D_5416414.flac,C:\Users\91807\sih\ai_voice_detector\data\fake\LA_D_5416414.wav,ok,
real,LA/ASVspoof2019_LA_dev/flac/LA_D_8033621.flac,C:\Users\91807\sih\ai_voice_detector\data\real\LA_D_8033621.wav,ok,
real,LA/ASVspoof2019_LA_dev/flac/LA_D_9814046.flac,C:\Users\91807\sih\ai_voice_detector\data\real\LA_D_9814046.wav,ok,
real,LA/ASVspoof2019_LA_dev/flac/LA_D_9697774.flac,C:\Users\91807\sih\ai_voice_detector\data\real\LA_D_9697774.wav,ok,
fake,LA/ASVspoof2019_LA_dev/flac/LA_D_4885590.flac,C:\Users\91807\sih\ai_voice_detector\data\fake\LA_D_4885590.wav,ok,
real,LA/ASVspoof2019_LA_dev/flac/LA_D_9133444.flac,C:\Users\91807\sih\ai_voice_detector\data\real\LA_D_9133444.wav,ok,
fake,LA/ASVspoof2019_LA_dev/flac/LA_D_9936454.flac,C:\Users\91807\sih\ai_voice_detector\data\fake\LA_D_9936454.wav,ok,
real,LA/ASVspoof2019_LA_dev/flac/LA_D_6841789.flac,C:\Users\91807\sih\ai_voice_detector\data\real\LA_D_6841789.wav,ok,
fake,LA/ASVspoof2019_LA_dev/flac/LA_D_6941127.flac,C:\Users\91807\sih\ai_voice_detector\data\fake\LA_D_6941127.wav,ok,
real,LA/ASVspoof2019_LA_dev/flac/LA_D_3410479.flac,C:\Users\91807\sih\ai_voice_detector\data\real\LA_D_3410479.wav,ok,
real,LA/ASVspoof2019_LA_dev/flac/LA_D_9568749.flac,C:\Users\91807\sih\ai_voice_detector\data\real\LA_D_9568749.wav,ok,
fake,LA/ASVspoof2019_LA_dev/flac/LA_D_2888854.flac,C:\Users\91807\sih\ai_voice_detector\data\fake\LA_D_2888854.wav,ok,
fake,LA/ASVspoof2019_LA_dev/flac/LA_D_2507417.flac,C:\Users\91807\sih\ai_voice_detector\data\fake\LA_D_2507417.wav,ok,
real,LA/ASVspoof2019_LA_dev/flac/LA_D_3562432.flac,C:\Users\91807\sih\ai_voice_detector\data\real\LA_D_3562432.wav,ok,
real,LA/ASVspoof2019_LA_dev/flac/LA_D_6043519.flac,C:\Users\91807\sih\ai_voice_detector\data\real\LA_D_6043519.wav,ok,
fake,LA/ASVspoof2019_LA_dev/flac/LA_D_3456944.flac,C:\Users\91807\sih\ai_voice_detector\data\fake\LA_D_3456944.wav,ok,
fake,LA/ASVspoof2019_LA_dev/flac/LA_D_6138799.flac,C:\Users\91807\sih\ai_voice_detector\data\fake\LA_D_6138799.wav,ok,
real,LA/ASVspoof2019_LA_dev/flac/LA_D_7916368.flac,C:\Users\91807\sih\ai_voice_detector\data\real\LA_D_7916368.wav,ok,
fake,LA/ASVspoof2019_LA_dev/flac/LA_D_9341531.flac,C:\Users\91807\sih\ai_voice_detector\data\fake\LA_D_9341531.wav,ok,
fake,LA/ASVspoof2019_LA_dev/flac/LA_D_4181954.flac,C:\Users\91807\sih\ai_voice_detector\data\fake\LA_D_4181954.wav,ok,
fake,LA/ASVspoof2019_LA_dev/flac/LA_D_2774834.flac,C:\Users\91807\sih\ai_voice_detector\data\fake\LA_D_2774834.wav,ok,
fake,LA/ASVspoof2019_LA_dev/flac/LA_D_8196432.flac,C:\Users\91807\sih\ai_voice_detector\data\fake\LA_D_8196432.wav,ok,
real,LA/ASVspoof2019_LA_dev/flac/LA_D_7573423.flac,C:\Users\91807\sih\ai_voice_detector\data\real\LA_D_7573423.wav,ok,
real,LA/ASVspoof2019_LA_dev/flac/LA_D_7869886.flac,C:\Users\91807\sih\ai_voice_detector\data\real\LA_D_7869886.wav,ok,
real,LA/ASVspoof2019_LA_dev/flac/LA_D_3352195.flac,C:\Users\91807\sih\ai_voice_detector\data\real\LA_D_3352195.wav,ok,
fake,LA/ASVspoof2019_LA_dev/flac/LA_D_5103356.flac,C:\Users\91807\sih\ai_voice_detector\data\fake\LA_D_5103356.wav,ok,
real,LA/ASVspoof2019_LA_dev/flac/LA_D_1792486.flac,C:\Users\91807\sih\ai_voice_detector\data\real\LA_D_1792486.wav,ok,
real,LA/ASVspoof2019_LA_dev/flac/LA_D_4947147.flac,C:\Users\91807\sih\ai_voice_detector\data\real\LA_D_4947147.wav,ok,
fake,LA/ASVspoof2019_LA_dev/flac/LA_D_4451667.flac,C:\Users\91807\sih\ai_voice_detector\data\fake\LA_D_4451667.wav,ok,
fake,LA/ASVspoof2019_LA_dev/flac/LA_D_5294702.flac,C:\Users\91807\sih\ai_voice_detector\data\fake\LA_D_5294702.wav,ok,
fake,LA/ASVspoof2019_LA_dev/flac/LA_D_4684144.flac,C:\Users\91807\sih\ai_voice_detector\data\fake\LA_D_4684144.wav,ok,
real,LA/ASVspoof2019_LA_dev/flac/LA_D_5521273.flac,C:\Users\91807\sih\ai_voice_detector\data\real\LA_D_5521273.wav,ok,
fake,LA/ASVspoof2019_LA_dev/flac/LA_D_5972807.flac,C:\Users\91807\sih\ai_voice_detector\data\fake\LA_D_5972807.wav,ok,
fake,LA/ASVspoof2019_LA_dev/flac/LA_D_9621176.flac,C:\Users\91807\sih\ai_voice_detector\data\fake\LA_D_9621176.wav,ok,
real,LA/ASVspoof2019_LA_dev/flac/LA_D_5651240.flac,C:\Users\91807\sih\ai_voice_detector\data\real\LA_D_5651240.wav,ok,
real,LA/ASVspoof2019_LA_dev/flac/LA_D_9712400.flac,C:\Users\91807\sih\ai_voice_detector\data\real\LA_D_9712400.wav,ok,
real,LA/ASVspoof2019_LA_dev/flac/LA_D_7030288.flac,C:\Users\91807\sih\ai_voice_detector\data\real\LA_D_7030288.wav,ok,
fake,LA/ASVspoof2019_LA_dev/flac/LA_D_5211419.flac,C:\Users\91807\sih\ai_voice_detector\data\fake\LA_D_5211419.wav,ok,
fake,LA/ASVspoof2019_LA_dev/flac/LA_D_4674363.flac,C:\Users\91807\sih\ai_voice_detector\data\fake\LA_D_4674363.wav,ok,
real,LA/ASVspoof2019_LA_dev/flac/LA_D_1130470.flac,C:\Users\91807\sih\ai_voice_detector\data\real\LA_D_1130470.wav,ok,
fake,LA/ASVspoof2019_LA_dev/flac/LA_D_2490088.flac,C:\Users\91807\sih\ai_voice_detector\data\fake\LA_D_2490088.wav,ok,
real,LA/ASVspoof2019_LA_dev/flac/LA_D_7455119.flac,C:\Users\91807\sih\ai_voice_detector\data\real\LA_D_7455119.wav,ok,
real,LA/ASVspoof2019_LA_dev/flac/LA_D_2832141.flac,C:\Users\91807\sih\ai_voice_detector\data\real\LA_D_2832141.wav,ok,
real,LA/ASVspoof2019_LA_dev/flac/LA_D_4571818.flac,C:\Users\91807\sih\ai_voice_detector\data\real\LA_D_4571818.wav,ok,
fake,LA/ASVspoof2019_LA_dev/flac/LA_D_4704857.flac,C:\Users\91807\sih\ai_voice_detector\data\fake\LA_D_4704857.wav,ok,
fake,LA/ASVspoof2019_LA_dev/flac/LA_D_3592558.flac,C:\Users\91807\sih\ai_voice_detector\data\fake\LA_D_3592558.wav,ok,
fake,LA/ASVspoof2019_LA_dev/flac/LA_D_4397256.flac,C:\Users\91807\sih\ai_voice_detector\data\fake\LA_D_4397256.wav,ok,
fake,LA/ASVspoof2019_LA_dev/flac/LA_D_8435340.flac,C:\Users\91807\sih\ai_voice_detector\data\fake\LA_D_8435340.wav,ok,
fake,LA/ASVspoof2019_LA_dev/flac/LA_D_4439058.flac,C:\Users\91807\sih\ai_voice_detector\data\fake\LA_D_4439058.wav,ok,
fake,LA/ASVspoof2019_LA_dev/flac/LA_D_5324750.flac,C:\Users\91807\sih\ai_voice_detector\data\fake\LA_D_5324750.wav,ok,
real,LA/ASVspoof2019_LA_dev/flac/LA_D_8870668.flac,C:\Users\91807\sih\ai_voice_detector\data\real\LA_D_8870668.wav,ok,
real,LA/ASVspoof2019_LA_dev/flac/LA_D_6089259.flac,C:\Users\91807\sih\ai_voice_detector\data\real\LA_D_6089259.wav,ok,
real,LA/ASVspoof2019_LA_dev/flac/LA_D_4420975.flac,C:\Users\91807\sih\ai_voice_detector\data\real\LA_D_4420975.wav,ok,
real,LA/ASVspoof2019_LA_dev/flac/LA_D_2517022.flac,C:\Users\91807\sih\ai_voice_detector\data\real\LA_D_2517022.wav,ok,
real,LA/ASVspoof2019_LA_dev/flac/LA_D_3274531.flac,C:\Users\91807\sih\ai_voice_detector\data\real\LA_D_3274531.wav,ok,
real,LA/ASVspoof2019_LA_dev/flac/LA_D_7015174.flac,C:\Users\91807\sih\ai_voice_detector\data\real\LA_D_7015174.wav,ok,
real,LA/ASVspoof2019_LA_dev/flac/LA_D_7485630.flac,C:\Users\91807\sih\ai_voice_detector\data\real\LA_D_7485630.wav,ok,
real,LA/ASVspoof2019_LA_dev/flac/LA_D_4021573.flac,C:\Users\91807\sih\ai_voice_detector\data\real\LA_D_4021573.wav,ok,
real,LA/ASVspoof2019_LA_dev/flac/LA_D_8577756.flac,C:\Users\91807\sih\ai_voice_detector\data\real\LA_D_8577756.wav,ok,
real,LA/ASVspoof2019_LA_dev/flac/LA_D_3416238.flac,C:\Users\91807\sih\ai_voice_detector\data\real\LA_D_3416238.wav,ok,
fake,LA/ASVspoof2019_LA_dev/flac/LA_D_6126930.flac,C:\Users\91807\sih\ai_voice_detector\data\fake\LA_D_6126930.wav,ok,
fake,LA/ASVspoof2019_LA_dev/flac/LA_D_9166383.flac,C:\Users\91807\sih\ai_voice_detector\data\fake\LA_D_9166383.wav,ok,
real,LA/ASVspoof2019_LA_dev/flac/LA_D_7566925.flac,C:\Users\91807\sih\ai_voice_detector\data\real\LA_D_7566925.wav,ok,
fake,LA/ASVspoof2019_LA_dev/flac/LA_D_9547911.flac,C:\Users\91807\sih\ai_voice_detector\data\fake\LA_D_9547911.wav,ok,
fake,LA/ASVspoof2019_LA_dev/flac/LA_D_6332892.flac,C:\Users\91807\sih\ai_voice_detector\data\fake\LA_D_6332892.wav,ok,
fake,LA/ASVspoof2019_LA_dev/flac/LA_D_6977063.flac,C:\Users\91807\sih\ai_voice_detector\data\fake\LA_D_6977063.wav,ok,
fake,LA/ASVspoof2019_LA_dev/flac/LA_D_4648541.flac,C:\Users\91807\sih\ai_voice_detector\data\fake\LA_D_4648541.wav,ok,
real,LA/ASVspoof2019_LA_dev/flac/LA_D_6258471.flac,C:\Users\91807\sih\ai_voice_detector\data\real\LA_D_6258471.wav,ok,
real,LA/ASVspoof2019_LA_dev/flac/LA_D_7154479.flac,C:\Users\91807\sih\ai_voice_detector\data\real\LA_D_7154479.wav,ok,
real,LA/ASVspoof2019_LA_dev/flac/LA_D_3479802.flac,C:\Users\91807\sih\ai_voice_detector\data\real\LA_D_3479802.wav,ok,
real,LA/ASVspoof2019_LA_dev/flac/LA_D_7830144.flac,C:\Users\91807\sih\ai_voice_detector\data\real\LA_D_7830144.wav,ok,
fake,LA/ASVspoof2019_LA_dev/flac/LA_D_8045100.flac,C:\Users\91807\sih\ai_voice_detector\data\fake\LA_D_8045100.wav,ok,
real,LA/ASVspoof2019_LA_dev/flac/LA_D_5957210.flac,C:\Users\91807\sih\ai_voice_detector\data\real\LA_D_5957210.wav,ok,
fake,LA/ASVspoof2019_LA_dev/flac/LA_D_4197706.flac,C:\Users\91807\sih\ai_voice_detector\data\fake\LA_D_4197706.wav,ok,
real,LA/ASVspoof2019_LA_dev/flac/LA_D_3056969.flac,C:\Users\91807\sih\ai_voice_detector\data\real\LA_D_3056969.wav,ok,
fake,LA/ASVspoof2019_LA_dev/flac/LA_D_7235738.flac,C:\Users\91807\sih\ai_voice_detector\data\fake\LA_D_7235738.wav,ok,
fake,LA/ASVspoof2019_LA_dev/flac/LA_D_6095686.flac,C:\Users\91807\sih\ai_voice_detector\data\fake\LA_D_6095686.wav,ok,
fake,LA/ASVspoof2019_LA_dev/flac/LA_D_7395153.flac,C:\Users\91807\sih\ai_voice_detector\data\fake\LA_D_7395153.wav,ok,
fake,LA/ASVspoof2019_LA_dev/flac/LA_D_4148714.flac,C:\Users\91807\sih\ai_voice_detector\data\fake\LA_D_4148714.wav,ok,
real,LA/ASVspoof2019_LA_dev/flac/LA_D_6736028.flac,C:\Users\91807\sih\ai_voice_detector\data\real\LA_D_6736028.wav,ok,
real,LA/ASVspoof2019_LA_dev/flac/LA_D_6443649.flac,C:\Users\91807\sih\ai_voice_detector\data\real\LA_D_6443649.wav,ok,
fake,LA/ASVspoof2019_LA_dev/flac/LA_D_7157816.flac,C:\Users\91807\sih\ai_voice_detector\data\fake\LA_D_7157816.wav,ok,
real,LA/ASVspoof2019_LA_dev/flac/LA_D_1400319.flac,C:\Users\91807\sih\ai_voice_detector\data\real\LA_D_1400319.wav,ok,
fake,LA/ASVspoof2019_LA_dev/flac/LA_D_7683536.flac,C:\Users\91807\sih\ai_voice_detector\data\fake\LA_D_7683536.wav,ok,
fake,LA/ASVspoof2019_LA_dev/flac/LA_D_6388697.flac,C:\Users\91807\sih\ai_voice_detector\data\fake\LA_D_6388697.wav,ok,
real,LA/ASVspoof2019_LA_dev/flac/LA_D_2019918.flac,C:\Users\91807\sih\ai_voice_detector\data\real\LA_D_2019918.wav,ok,
real,LA/ASVspoof2019_LA_dev/flac/LA_D_3599443.flac,C:\Users\91807\sih\ai_voice_detector\data\real\LA_D_3599443.wav,ok,
real,LA/ASVspoof2019_LA_dev/flac/LA_D_3787070.flac,C:\Users\91807\sih\ai_voice_detector\data\real\LA_D_3787070.wav,ok,
fake,LA/ASVspoof2019_LA_dev/flac/LA_D_8065854.flac,C:\Users\91807\sih\ai_voice_detector\data\fake\LA_D_8065854.wav,ok,
fake,LA/ASVspoof2019_LA_dev/flac/LA_D_9685772.flac,C:\Users\91807\sih\ai_voice_detector\data\fake\LA_D_9685772.wav,ok,
fake,LA/ASVspoof2019_LA_dev/flac/LA_D_2007184.flac,C:\Users\91807\sih\ai_voice_detector\data\fake\LA_D_2007184.wav,ok,
fake,LA/ASVspoof2019_LA_dev/flac/LA_D_5800838.flac,C:\Users\91807\sih\ai_voice_detector\data\fake\LA_D_5800838.wav,ok,
fake,LA/ASVspoof2019_LA_dev/flac/LA_D_6637053.flac,C:\Users\91807\sih\ai_voice_detector\data\fake\LA_D_6637053.wav,ok,
fake,LA/ASVspoof2019_LA_dev/flac/LA_D_3332557.flac,C:\Users\91807\sih\ai_voice_detector\data\fake\LA_D_3332557.wav,ok,
fake,LA/ASVspoof2019_LA_dev/flac/LA_D_1370948.flac,C:\Users\91807\sih\ai_voice_detector\data\fake\LA_D_1370948.wav,ok,
fake,LA/ASVspoof2019_LA_dev/flac/LA_D_3832995.flac,C:\Users\91807\sih\ai_voice_detector\data\fake\LA_D_3832995.wav,ok,
real,LA/ASVspoof2019_LA_dev/flac/LA_D_9105003.flac,C:\Users\91807\sih\ai_voice_detector\data\real\LA_D_9105003.wav,ok,
real,LA/ASVspoof2019_LA_dev/flac/LA_D_6650126.flac,C:\Users\91807\sih\ai_voice_detector\data\real\LA_D_6650126.wav,ok,
fake,LA/ASVspoof2019_LA_dev/flac/LA_D_4089310.flac,C:\Users\91807\sih\ai_voice_detector\data\fake\LA_D_4089310.wav,ok,
real,LA/ASVspoof2019_LA_dev/flac/LA_D_7423342.flac,C:\Users\91807\sih\ai_voice_detector\data\real\LA_D_7423342.wav,ok,
fake,LA/ASVspoof2019_LA_dev/flac/LA_D_6244693.flac,C:\Users\91807\sih\ai_voice_detector\data\fake\LA_D_6244693.wav,ok,
real,LA/ASVspoof2019_LA_dev/flac/LA_D_4282724.flac,C:\Users\91807\sih\ai_voice_detector\data\real\LA_D_4282724.wav,ok,
fake,LA/ASVspoof2019_LA_dev/flac/LA_D_9732597.flac,C:\Users\91807\sih\ai_voice_detector\data\fake\LA_D_9732597.wav,ok,
real,LA/ASVspoof2019_LA_dev/flac/LA_D_1152692.flac,C:\Users\91807\sih\ai_voice_detector\data\real\LA_D_1152692.wav,ok,
fake,LA/ASVspoof2019_LA_dev/flac/LA_D_9089804.flac,C:\Users\91807\sih\ai_voice_detector\data\fake\LA_D_9089804.wav,ok,
fake,LA/ASVspoof2019_LA_dev/flac/LA_D_5203599.flac,C:\Users\91807\sih\ai_voice_detector\data\fake\LA_D_5203599.wav,ok,
fake,LA/ASVspoof2019_LA_dev/flac/LA_D_7254050.flac,C:\Users\91807\sih\ai_voice_detector\data\fake\LA_D_7254050.wav,ok,
real,LA/ASVspoof2019_LA_dev/flac/LA_D_4969859.flac,C:\Users\91807\sih\ai_voice_detector\data\real\LA_D_4969859.wav,ok,
fake,LA/ASVspoof2019_LA_dev/flac/LA_D_6649982.flac,C:\Users\91807\sih\ai_voice_detector\data\fake\LA_D_6649982.wav,ok,
fake,LA/ASVspoof2019_LA_dev/flac/LA_D_3681485.flac,C:\Users\91807\sih\ai_voice_detector\data\fake\LA_D_3681485.wav,ok,
real,LA/ASVspoof2019_LA_dev/flac/LA_D_1494180.flac,C:\Users\91807\sih\ai_voice_detector\data\real\LA_D_1494180.wav,ok,
real,LA/ASVspoof2019_LA_dev/flac/LA_D_6340859.flac,C:\Users\91807\sih\ai_voice_detector\data\real\LA_D_6340859.wav,ok,
fake,LA/ASVspoof2019_LA_dev/flac/LA_D_6073404.flac,C:\Users\91807\sih\ai_voice_detector\data\fake\LA_D_6073404.wav,ok,
fake,LA/ASVspoof2019_LA_dev/flac/LA_D_1905761.flac,C:\Users\91807\sih\ai_voice_detector\data\fake\LA_D_1905761.wav,ok,
fake,LA/ASVspoof2019_LA_dev/flac/LA_D_1382194.flac,C:\Users\91807\sih\ai_voice_detector\data\fake\LA_D_1382194.wav,ok,
real,LA/ASVspoof2019_LA_dev/flac/LA_D_4246993.flac,C:\Users\91807\sih\ai_voice_detector\data\real\LA_D_4246993.wav,ok,
real,LA/ASVspoof2019_LA_dev/flac/LA_D_6067855.flac,C:\Users\91807\sih\ai_voice_detector\data\real\LA_D_6067855.wav,ok,
real,LA/ASVspoof2019_LA_dev/flac/LA_D_8925545.flac,C:\Users\91807\sih\ai_voice_detector\data\real\LA_D_8925545.wav,ok,
real,LA/ASVspoof2019_LA_dev/flac/LA_D_7090657.flac,C:\Users\91807\sih\ai_voice_detector\data\real\LA_D_7090657.wav,ok,
real,LA/ASVspoof2019_LA_dev/flac/LA_D_6424598.flac,C:\Users\91807\sih\ai_voice_detector\data\real\LA_D_6424598.wav,ok,
real,LA/ASVspoof2019_LA_dev/flac/LA_D_1356035.flac,C:\Users\91807\sih\ai_voice_detector\data\real\LA_D_1356035.wav,ok,
real,LA/ASVspoof2019_LA_dev/flac/LA_D_3306187.flac,C:\Users\91807\sih\ai_voice_detector\data\real\LA_D_3306187.wav,ok,
real,LA/ASVspoof2019_LA_dev/flac/LA_D_2237304.flac,C:\Users\91807\sih\ai_voice_detector\data\real\LA_D_2237304.wav,ok,
real,LA/ASVspoof2019_LA_dev/flac/LA_D_5676289.flac,C:\Users\91807\sih\ai_voice_detector\data\real\LA_D_5676289.wav,ok,
real,LA/ASVspoof2019_LA_dev/flac/LA_D_3074651.flac,C:\Users\91807\sih\ai_voice_detector\data\real\LA_D_3074651.wav,ok,
fake,LA/ASVspoof2019_LA_dev/flac/LA_D_5004432.flac,C:\Users\91807\sih\ai_voice_detector\data\fake\LA_D_5004432.wav,ok,
fake,LA/ASVspoof2019_LA_dev/flac/LA_D_1190017.flac,C:\Users\91807\sih\ai_voice_detector\data\fake\LA_D_1190017.wav,ok,
real,LA/ASVspoof2019_LA_dev/flac/LA_D_2733428.flac,C:\Users\91807\sih\ai_voice_detector\data\real\LA_D_2733428.wav,ok,
real,LA/ASVspoof2019_LA_dev/flac/LA_D_8461949.flac,C:\Users\91807\sih\ai_voice_detector\data\real\LA_D_8461949.wav,ok,
real,LA/ASVspoof2019_LA_dev/flac/LA_D_8179191.flac,C:\Users\91807\sih\ai_voice_detector\data\real\LA_D_8179191.wav,ok,
fake,LA/ASVspoof2019_LA_dev/flac/LA_D_4412972.flac,C:\Users\91807\sih\ai_voice_detector\data\fake\LA_D_4412972.wav,ok,
fake,LA/ASVspoof2019_LA_dev/flac/LA_D_2219332.flac,C:\Users\91807\sih\ai_voice_detector\data\fake\LA_D_2219332.wav,ok,
fake,LA/ASVspoof2019_LA_dev/flac/LA_D_7424653.flac,C:\Users\91807\sih\ai_voice_detector\data\fake\LA_D_7424653.wav,ok,
real,LA/ASVspoof2019_LA_dev/flac/LA_D_3784822.flac,C:\Users\91807\sih\ai_voice_detector\data\real\LA_D_3784822.wav,ok,
real,LA/ASVspoof2019_LA_dev/flac/LA_D_6704472.flac,C:\Users\91807\sih\ai_voice_detector\data\real\LA_D_6704472.wav,ok,
fake,LA/ASVspoof2019_LA_dev/flac/LA_D_4569757.flac,C:\Users\91807\sih\ai_voice_detector\data\fake\LA_D_4569757.wav,ok,
fake,LA/ASVspoof2019_LA_dev/flac/LA_D_6853671.flac,C:\Users\91807\sih\ai_voice_detector\data\fake\LA_D_6853671.wav,ok,
real,LA/ASVspoof2019_LA_dev/flac/LA_D_4494554.flac,C:\Users\91807\sih\ai_voice_detector\data\real\LA_D_4494554.wav,ok,
fake,LA/ASVspoof2019_LA_dev/flac/LA_D_9755028.flac,C:\Users\91807\sih\ai_voice_detector\data\fake\LA_D_9755028.wav,ok,
real,LA/ASVspoof2019_LA_dev/flac/LA_D_4095293.flac,C:\Users\91807\sih\ai_voice_detector\data\real\LA_D_4095293.wav,ok,
fake,LA/ASVspoof2019_LA_dev/flac/LA_D_6297114.flac,C:\Users\91807\sih\ai_voice_detector\data\fake\LA_D_6297114.wav,ok,
fake,LA/ASVspoof2019_LA_dev/flac/LA_D_2273204.flac,C:\Users\91807\sih\ai_voice_detector\data\fake\LA_D_2273204.wav,ok,
fake,LA/ASVspoof2019_LA_dev/flac/LA_D_8965995.flac,C:\Users\91807\sih\ai_voice_detector\data\fake\LA_D_8965995.wav,ok,
fake,LA/ASVspoof2019_LA_dev/flac/LA_D_6120899.flac,C:\Users\91807\sih\ai_voice_detector\data\fake\LA_D_6120899.wav,ok,
fake,LA/ASVspoof2019_LA_dev/flac/LA_D_1760580.flac,C:\Users\91807\sih\ai_voice_detector\data\fake\LA_D_1760580.wav,ok,
fake,LA/ASVspoof2019_LA_dev/flac/LA_D_7331720.flac,C:\Users\91807\sih\ai_voice_detector\data\fake\LA_D_7331720.wav,ok,
fake,LA/ASVspoof2019_LA_dev/flac/LA_D_2412061.flac,C:\Users\91807\sih\ai_voice_detector\data\fake\LA_D_2412061.wav,ok,
real,LA/ASVspoof2019_LA_dev/flac/LA_D_7127063.flac,C:\Users\91807\sih\ai_voice_detector\data\real\LA_D_7127063.wav,ok,
real,LA/ASVspoof2019_LA_dev/flac/LA_D_6963411.flac,C:\Users\91807\sih\ai_voice_detector\data\real\LA_D_6963411.wav,ok,
real,LA/ASVspoof2019_LA_dev/flac/LA_D_3479801.flac,C:\Users\91807\sih\ai_voice_detector\data\real\LA_D_3479801.wav,ok,
fake,LA/ASVspoof2019_LA_dev/flac/LA_D_3062267.flac,C:\Users\91807\sih\ai_voice_detector\data\fake\LA_D_3062267.wav,ok,
fake,LA/ASVspoof2019_LA_dev/flac/LA_D_6725130.flac,C:\Users\91807\sih\ai_voice_detector\data\fake\LA_D_6725130.wav,ok,
real,LA/ASVspoof2019_LA_dev/flac/LA_D_4942819.flac,C:\Users\91807\sih\ai_voice_detector\data\real\LA_D_4942819.wav,ok,
real,LA/ASVspoof2019_LA_dev/flac/LA_D_1874320.flac,C:\Users\91807\sih\ai_voice_detector\data\real\LA_D_1874320.wav,ok,
real,LA/ASVspoof2019_LA_dev/flac/LA_D_3977034.flac,C:\Users\91807\sih\ai_voice_detector\data\real\LA_D_3977034.wav,ok,
fake,LA/ASVspoof2019_LA_dev/flac/LA_D_2008195.flac,C:\Users\91807\sih\ai_voice_detector\data\fake\LA_D_2008195.wav,ok,
fake,LA/ASVspoof2019_LA_dev/flac/LA_D_3103229.flac,C:\Users\91807\sih\ai_voice_detector\data\fake\LA_D_3103229.wav,ok,
real,LA/ASVspoof2019_LA_dev/flac/LA_D_2027122.flac,C:\Users\91807\sih\ai_voice_detector\data\real\LA_D_2027122.wav,ok,
real,LA/ASVspoof2019_LA_dev/flac/LA_D_1640497.flac,C:\Users\91807\sih\ai_voice_detector\data\real\LA_D_1640497.wav,ok,
fake,LA/ASVspoof2019_LA_dev/flac/LA_D_5024706.flac,C:\Users\91807\sih\ai_voice_detector\data\fake\LA_D_5024706.wav,ok,
real,LA/ASVspoof2019_LA_dev/flac/LA_D_9135294.flac,C:\Users\91807\sih\ai_voice_detector\data\real\LA_D_9135294.wav,ok,
real,LA/ASVspoof2019_LA_dev/flac/LA_D_2596293.flac,C:\Users\91807\sih\ai_voice_detector\data\real\LA_D_2596293.wav,ok,
fake,LA/ASVspoof2019_LA_dev/flac/LA_D_7187597.flac,C:\Users\91807\sih\ai_voice_detector\data\fake\LA_D_7187597.wav,ok,
fake,LA/ASVspoof2019_LA_dev/flac/LA_D_4928075.flac,C:\Users\91807\sih\ai_voice_detector\data\fake\LA_D_4928075.wav,ok,
fake,LA/ASVspoof2019_LA_dev/flac/LA_D_3344406.flac,C:\Users\91807\sih\ai_voice_detector\data\fake\LA_D_3344406.wav,ok,
real,LA/ASVspoof2019_LA_dev/flac/LA_D_4599043.flac,C:\Users\91807\sih\ai_voice_detector\data\real\LA_D_4599043.wav,ok,
fake,LA/ASVspoof2019_LA_dev/flac/LA_D_5826748.flac,C:\Users\91807\sih\ai_voice_detector\data\fake\LA_D_5826748.wav,ok,
real,LA/ASVspoof2019_LA_dev/flac/LA_D_8055872.flac,C:\Users\91807\sih\ai_voice_detector\data\real\LA_D_8055872.wav,ok,
real,LA/ASVspoof2019_LA_dev/flac/LA_D_7556397.flac,C:\Users\91807\sih\ai_voice_detector\data\real\LA_D_7556397.wav,ok,
fake,LA/ASVspoof2019_LA_dev/flac/LA_D_6551392.flac,C:\Users\91807\sih\ai_voice_detector\data\fake\LA_D_6551392.wav,ok,
real,LA/ASVspoof2019_LA_dev/flac/LA_D_3224671.flac,C:\Users\91807\sih\ai_voice_detector\data\real\LA_D_3224671.wav,ok,
real,LA/ASVspoof2019_LA_dev/flac/LA_D_8715868.flac,C:\Users\91807\sih\ai_voice_detector\data\real\LA_D_8715868.wav,ok,
fake,LA/ASVspoof2019_LA_dev/flac/LA_D_4094297.flac,C:\Users\91807\sih\ai_voice_detector\data\fake\LA_D_4094297.wav,ok,
fake,LA/ASVspoof2019_LA_dev/flac/LA_D_3059591.flac,C:\Users\91807\sih\ai_voice_detector\data\fake\LA_D_3059591.wav,ok,
real,LA/ASVspoof2019_LA_dev/flac/LA_D_7215902.flac,C:\Users\91807\sih\ai_voice_detector\data\real\LA_D_7215902.wav,ok,
real,LA/ASVspoof2019_LA_dev/flac/LA_D_9685348.flac,C:\Users\91807\sih\ai_voice_detector\data\real\LA_D_9685348.wav,ok,
real,LA/ASVspoof2019_LA_dev/flac/LA_D_7679130.flac,C:\Users\91807\sih\ai_voice_detector\data\real\LA_D_7679130.wav,ok,
fake,LA/ASVspoof2019_LA_dev/flac/LA_D_8123213.flac,C:\Users\91807\sih\ai_voice_detector\data\fake\LA_D_8123213.wav,ok,
real,LA/ASVspoof2019_LA_dev/flac/LA_D_9625547.flac,C:\Users\91807\sih\ai_voice_detector\data\real\LA_D_9625547.wav,ok,
real,LA/ASVspoof2019_LA_dev/flac/LA_D_8237075.flac,C:\Users\91807\sih\ai_voice_detector\data\real\LA_D_8237075.wav,ok,
real,LA/ASVspoof2019_LA_dev/flac/LA_D_5770185.flac,C:\Users\91807\sih\ai_voice_detector\data\real\LA_D_5770185.wav,ok,
real,LA/ASVspoof2019_LA_dev/flac/LA_D_6787225.flac,C:\Users\91807\sih\ai_voice_detector\data\real\LA_D_6787225.wav,ok,
real,LA/ASVspoof2019_LA_dev/flac/LA_D_6030391.flac,C:\Users\91807\sih\ai_voice_detector\data\real\LA_D_6030391.wav,ok,
real,LA/ASVspoof2019_LA_dev/flac/LA_D_8238260.flac,C:\Users\91807\sih\ai_voice_detector\data\real\LA_D_8238260.wav,ok,
fake,LA/ASVspoof2019_LA_dev/flac/LA_D_8878225.flac,C:\Users\91807\sih\ai_voice_detector\data\fake\LA_D_8878225.wav,ok,
real,LA/ASVspoof2019_LA_dev/flac/LA_D_4411754.flac,C:\Users\91807\sih\ai_voice_detector\data\real\LA_D_4411754.wav,ok,
fake,LA/ASVspoof2019_LA_dev/flac/LA_D_6490598.flac,C:\Users\91807\sih\ai_voice_detector\data\fake\LA_D_6490598.wav,ok,
fake,LA/ASVspoof2019_LA_dev/flac/LA_D_7352908.flac,C:\Users\91807\sih\ai_voice_detector\data\fake\LA_D_7352908.wav,ok,
fake,LA/ASVspoof2019_LA_dev/flac/LA_D_6222247.flac,C:\Users\91807\sih\ai_voice_detector\data\fake\LA_D_6222247.wav,ok,
fake,LA/ASVspoof2019_LA_dev/flac/LA_D_3914684.flac,C:\Users\91807\sih\ai_voice_detector\data\fake\LA_D_3914684.wav,ok,
fake,LA/ASVspoof2019_LA_dev/flac/LA_D_3263795.flac,C:\Users\91807\sih\ai_voice_detector\data\fake\LA_D_3263795.wav,ok,
fake,LA/ASVspoof2019_LA_dev/flac/LA_D_2800479.flac,C:\Users\91807\sih\ai_voice_detector\data\fake\LA_D_2800479.wav,ok,
real,LA/ASVspoof2019_LA_dev/flac/LA_D_2339825.flac,C:\Users\91807\sih\ai_voice_detector\data\real\LA_D_2339825.wav,ok,
fake,LA/ASVspoof2019_LA_dev/flac/LA_D_8480990.flac,C:\Users\91807\sih\ai_voice_detector\data\fake\LA_D_8480990.wav,ok,
real,LA/ASVspoof2019_LA_dev/flac/LA_D_9026368.flac,C:\Users\91807\sih\ai_voice_detector\data\real\LA_D_9026368.wav,ok,
real,LA/ASVspoof2019_LA_dev/flac/LA_D_1882065.flac,C:\Users\91807\sih\ai_voice_detector\data\real\LA_D_1882065.wav,ok,
fake,LA/ASVspoof2019_LA_dev/flac/LA_D_1728539.flac,C:\Users\91807\sih\ai_voice_detector\data\fake\LA_D_1728539.wav,ok,
fake,LA/ASVspoof2019_LA_dev/flac/LA_D_8845423.flac,C:\Users\91807\sih\ai_voice_detector\data\fake\LA_D_8845423.wav,ok,
fake,LA/ASVspoof2019_LA_dev/flac/LA_D_3911013.flac,C:\Users\91807\sih\ai_voice_detector\data\fake\LA_D_3911013.wav,ok,
real,LA/ASVspoof2019_LA_dev/flac/LA_D_2227239.flac,C:\Users\91807\sih\ai_voice_detector\data\real\LA_D_2227239.wav,ok,
real,LA/ASVspoof2019_LA_dev/flac/LA_D_6421519.flac,C:\Users\91807\sih\ai_voice_detector\data\real\LA_D_6421519.wav,ok,
fake,LA/ASVspoof2019_LA_dev/flac/LA_D_8087903.flac,C:\Users\91807\sih\ai_voice_detector\data\fake\LA_D_8087903.wav,ok,
fake,LA/ASVspoof2019_LA_dev/flac/LA_D_7097297.flac,C:\Users\91807\sih\ai_voice_detector\data\fake\LA_D_7097297.wav,ok,
real,LA/ASVspoof2019_LA_dev/flac/LA_D_6122499.flac,C:\Users\91807\sih\ai_voice_detector\data\real\LA_D_6122499.wav,ok,
real,LA/ASVspoof2019_LA_dev/flac/LA_D_6369583.flac,C:\Users\91807\sih\ai_voice_detector\data\real\LA_D_6369583.wav,ok,
fake,LA/ASVspoof2019_LA_dev/flac/LA_D_2434311.flac,C:\Users\91807\sih\ai_voice_detector\data\fake\LA_D_2434311.wav,ok,
fake,LA/ASVspoof2019_LA_dev/flac/LA_D_6218929.flac,C:\Users\91807\sih\ai_voice_detector\data\fake\LA_D_6218929.wav,ok,
real,LA/ASVspoof2019_LA_dev/flac/LA_D_7460902.flac,C:\Users\91807\sih\ai_voice_detector\data\real\LA_D_7460902.wav,ok,
fake,LA/ASVspoof2019_LA_dev/flac/LA_D_7015639.flac,C:\Users\91807\sih\ai_voice_detector\data\fake\LA_D_7015639.wav,ok,
real,LA/ASVspoof2019_LA_dev/flac/LA_D_3387539.flac,C:\Users\91807\sih\ai_voice_detector\data\real\LA_D_3387539.wav,ok,
fake,LA/ASVspoof2019_LA_dev/flac/LA_D_3674440.flac,C:\Users\91807\sih\ai_voice_detector\data\fake\LA_D_3674440.wav,ok,
real,LA/ASVspoof2019_LA_dev/flac/LA_D_2294476.flac,C:\Users\91807\sih\ai_voice_detector\data\real\LA_D_2294476.wav,ok,
real,LA/ASVspoof2019_LA_dev/flac/LA_D_9818781.flac,C:\Users\91807\sih\ai_voice_detector\data\real\LA_D_9818781.wav,ok,
fake,LA/ASVspoof2019_LA_dev/flac/LA_D_5974545.flac,C:\Users\91807\sih\ai_voice_detector\data\fake\LA_D_5974545.wav,ok,
fake,LA/ASVspoof2019_LA_dev/flac/LA_D_7767507.flac,C:\Users\91807\sih\ai_voice_detector\data\fake\LA_D_7767507.wav,ok,
fake,LA/ASVspoof2019_LA_dev/flac/LA_D_5439291.flac,C:\Users\91807\sih\ai_voice_detector\data\fake\LA_D_5439291.wav,ok,
fake,LA/ASVspoof2019_LA_dev/flac/LA_D_6893250.flac,C:\Users\91807\sih\ai_voice_detector\data\fake\LA_D_6893250.wav,ok,
real,LA/ASVspoof2019_LA_dev/flac/LA_D_6289915.flac,C:\Users\91807\sih\ai_voice_detector\data\real\LA_D_6289915.wav,ok,
fake,LA/ASVspoof2019_LA_dev/flac/LA_D_9973328.flac,C:\Users\91807\sih\ai_voice_detector\data\fake\LA_D_9973328.wav,ok,
real,LA/ASVspoof2019_LA_dev/flac/LA_D_4043306.flac,C:\Users\91807\sih\ai_voice_detector\data\real\LA_D_4043306.wav,ok,
fake,LA/ASVspoof2019_LA_dev/flac/LA_D_8358692.flac,C:\Users\91807\sih\ai_voice_detector\data\fake\LA_D_8358692.wav,ok,
fake,LA/ASVspoof2019_LA_dev/flac/LA_D_7603562.flac,C:\Users\91807\sih\ai_voice_detector\data\fake\LA_D_7603562.wav,ok,
fake,LA/ASVspoof2019_LA_dev/flac/LA_D_8953865.flac,C:\Users\91807\sih\ai_voice_detector\data\fake\LA_D_8953865.wav,ok,
real,LA/ASVspoof2019_LA_dev/flac/LA_D_9471357.flac,C:\Users\91807\sih\ai_voice_detector\data\real\LA_D_9471357.wav,ok,
fake,LA/ASVspoof2019_LA_dev/flac/LA_D_1469415.flac,C:\Users\91807\sih\ai_voice_detector\data\fake\LA_D_1469415.wav,ok,
real,LA/ASVspoof2019_LA_dev/flac/LA_D_4828901.flac,C:\Users\91807\sih\ai_voice_detector\data\real\LA_D_4828901.wav,ok,
fake,LA/ASVspoof2019_LA_dev/flac/LA_D_1776073.flac,C:\Users\91807\sih\ai_voice_detector\data\fake\LA_D_1776073.wav,ok,
real,LA/ASVspoof2019_LA_dev/flac/LA_D_5162129.flac,C:\Users\91807\sih\ai_voice_detector\data\real\LA_D_5162129.wav,ok,
fake,LA/ASVspoof2019_LA_dev/flac/LA_D_1425046.flac,C:\Users\91807\sih\ai_voice_detector\data\fake\LA_D_1425046.wav,ok,
real,LA/ASVspoof2019_LA_dev/flac/LA_D_2789932.flac,C:\Users\91807\sih\ai_voice_detector\data\real\LA_D_2789932.wav,ok,
real,LA/ASVspoof2019_LA_dev/flac/LA_D_6672477.flac,C:\Users\91807\sih\ai_voice_detector\data\real\LA_D_6672477.wav,ok,
real,LA/ASVspoof2019_LA_dev/flac/LA_D_5842422.flac,C:\Users\91807\sih\ai_voice_detector\data\real\LA_D_5842422.wav,ok,
real,LA/ASVspoof2019_LA_dev/flac/LA_D_1281950.flac,C:\Users\91807\sih\ai_voice_detector\data\real\LA_D_1281950.wav,ok,
fake,LA/ASVspoof2019_LA_dev/flac/LA_D_6496137.flac,C:\Users\91807\sih\ai_voice_detector\data\fake\LA_D_6496137.wav,ok,
real,LA/ASVspoof2019_LA_dev/flac/LA_D_8163197.flac,C:\Users\91807\sih\ai_voice_detector\data\real\LA_D_8163197.wav,ok,
fake,LA/ASVspoof2019_LA_dev/flac/LA_D_6976547.flac,C:\Users\91807\sih\ai_voice_detector\data\fake\LA_D_6976547.wav,ok,
real,LA/ASVspoof2019_LA_dev/flac/LA_D_7972724.flac,C:\Users\91807\sih\ai_voice_detector\data\real\LA_D_7972724.wav,ok,
fake,LA/ASVspoof2019_LA_dev/flac/LA_D_2897106.flac,C:\Users\91807\sih\ai_voice_detector\data\fake\LA_D_2897106.wav,ok,
real,LA/ASVspoof2019_LA_dev/flac/LA_D_8594051.flac,C:\Users\91807\sih\ai_voice_detector\data\real\LA_D_8594051.wav,ok,
fake,LA/ASVspoof2019_LA_dev/flac/LA_D_8923789.flac,C:\Users\91807\sih\ai_voice_detector\data\fake\LA_D_8923789.wav,ok,
